-- MySQL dump 10.13  Distrib 5.6.33, for debian-linux-gnu (x86_64)
--
-- Host: localhost    Database: cortex
-- ------------------------------------------------------
-- Server version	5.6.33-0ubuntu0.14.04.1

/*!40101 SET @OLD_CHARACTER_SET_CLIENT=@@CHARACTER_SET_CLIENT */;
/*!40101 SET @OLD_CHARACTER_SET_RESULTS=@@CHARACTER_SET_RESULTS */;
/*!40101 SET @OLD_COLLATION_CONNECTION=@@COLLATION_CONNECTION */;
/*!40101 SET NAMES utf8 */;
/*!40103 SET @OLD_TIME_ZONE=@@TIME_ZONE */;
/*!40103 SET TIME_ZONE='+00:00' */;
/*!40014 SET @OLD_UNIQUE_CHECKS=@@UNIQUE_CHECKS, UNIQUE_CHECKS=0 */;
/*!40014 SET @OLD_FOREIGN_KEY_CHECKS=@@FOREIGN_KEY_CHECKS, FOREIGN_KEY_CHECKS=0 */;
/*!40101 SET @OLD_SQL_MODE=@@SQL_MODE, SQL_MODE='NO_AUTO_VALUE_ON_ZERO' */;
/*!40111 SET @OLD_SQL_NOTES=@@SQL_NOTES, SQL_NOTES=0 */;

DROP TABLE IF EXISTS `device`;
/*!40101 SET @saved_cs_client     = @@character_set_client */;
/*!40101 SET character_set_client = utf8 */;
CREATE TABLE `device` (
  `id` bigint(32) NOT NULL,
  `snmp_comm` varchar(255) COLLATE utf8mb4_unicode_ci NOT NULL,
  `name` varchar(255) COLLATE utf8mb4_unicode_ci DEFAULT NULL,
  `vendor` varchar(255) COLLATE utf8mb4_unicode_ci DEFAULT NULL,
  `os` varchar(255) COLLATE utf8mb4_unicode_ci DEFAULT NULL,
  `os_ver` varchar(255) COLLATE utf8mb4_unicode_ci DEFAULT NULL,
  `last_discover` datetime DEFAULT NULL,
  PRIMARY KEY (`id`)
) ENGINE=InnoDB DEFAULT CHARSET=utf8mb4 COLLATE=utf8mb4_unicode_ci;
/*!40101 SET character_set_client = @saved_cs_client */;

--
-- Dumping data for table `device`
--

LOCK TABLES `device` WRITE;
/*!40000 ALTER TABLE `device` DISABLE KEYS */;
INSERT INTO `device` VALUES (13,'','test',NULL,NULL,NULL,'2017-02-10 09:45:19'),(14,'','test',NULL,NULL,NULL,'2017-02-10 09:45:21'),(15,'','test',NULL,NULL,NULL,'2017-02-10 09:45:22'),(17,'','test',NULL,NULL,NULL,'2017-02-10 09:45:25'),(18,'','test',NULL,NULL,NULL,'2017-02-10 09:45:26'),(19,'','test',NULL,NULL,NULL,'2017-02-10 09:45:27'),(2886795009,'public','R1.gns3','Cisco','IOS','12.4(24)T2','2017-02-27 15:43:08'),(2886795011,'public','R2','Juniper','Junos','12.1R1.9','2017-02-11 08:55:57');
/*!40000 ALTER TABLE `device` ENABLE KEYS */;
UNLOCK TABLES;
/*!50003 SET @saved_cs_client      = @@character_set_client */ ;
/*!50003 SET @saved_cs_results     = @@character_set_results */ ;
/*!50003 SET @saved_col_connection = @@collation_connection */ ;
/*!50003 SET character_set_client  = utf8 */ ;
/*!50003 SET character_set_results = utf8 */ ;
/*!50003 SET collation_connection  = utf8_general_ci */ ;
/*!50003 SET @saved_sql_mode       = @@sql_mode */ ;
/*!50003 SET sql_mode              = '' */ ;
DELIMITER ;;
/*!50003 CREATE*/ /*!50017 DEFINER=`cortex`@`localhost`*/ /*!50003 TRIGGER device_OnInsert BEFORE INSERT ON `device`
    FOR EACH ROW SET NEW.last_discover = IFNULL(NEW.last_discover, NOW()) */;;
DELIMITER ;
/*!50003 SET sql_mode              = @saved_sql_mode */ ;
/*!50003 SET character_set_client  = @saved_cs_client */ ;
/*!50003 SET character_set_results = @saved_cs_results */ ;
/*!50003 SET collation_connection  = @saved_col_connection */ ;
/*!50003 SET @saved_cs_client      = @@character_set_client */ ;
/*!50003 SET @saved_cs_results     = @@character_set_results */ ;
/*!50003 SET @saved_col_connection = @@collation_connection */ ;
/*!50003 SET character_set_client  = utf8 */ ;
/*!50003 SET character_set_results = utf8 */ ;
/*!50003 SET collation_connection  = utf8_general_ci */ ;
/*!50003 SET @saved_sql_mode       = @@sql_mode */ ;
/*!50003 SET sql_mode              = '' */ ;
DELIMITER ;;
/*!50003 CREATE*/ /*!50017 DEFINER=`cortex`@`localhost`*/ /*!50003 TRIGGER device_OnUpdate BEFORE UPDATE ON `device` FOR EACH ROW SET NEW.last_discover = NOW() */;;
DELIMITER ;
/*!50003 SET sql_mode              = @saved_sql_mode */ ;
/*!50003 SET character_set_client  = @saved_cs_client */ ;
/*!50003 SET character_set_results = @saved_cs_results */ ;
/*!50003 SET collation_connection  = @saved_col_connection */ ;

--
-- Table structure for table `device_port`
--

DROP TABLE IF EXISTS `device_port`;
/*!40101 SET @saved_cs_client     = @@character_set_client */;
/*!40101 SET character_set_client = utf8 */;
CREATE TABLE `device_port` (
  `id` bigint(32) NOT NULL,
  `port` varchar(30) COLLATE utf8mb4_unicode_ci NOT NULL,
  `alias` varchar(15) COLLATE utf8mb4_unicode_ci DEFAULT NULL,
  `prefix_len` tinyint(4) DEFAULT NULL,
  `descr` varchar(255) COLLATE utf8mb4_unicode_ci DEFAULT NULL,
  `name` varchar(255) COLLATE utf8mb4_unicode_ci DEFAULT NULL,
  `mac` varchar(255) COLLATE utf8mb4_unicode_ci DEFAULT NULL,
  `vlan` varchar(255) COLLATE utf8mb4_unicode_ci DEFAULT NULL,
  `present` tinyint(1) DEFAULT '1',
  `igroup` varchar(36) COLLATE utf8mb4_unicode_ci DEFAULT NULL,
  PRIMARY KEY (`id`,`port`),
  KEY `igroup` (`igroup`),
  CONSTRAINT `device_port_ibfk_1` FOREIGN KEY (`igroup`) REFERENCES `interface_groups` (`id`)
) ENGINE=InnoDB DEFAULT CHARSET=utf8mb4 COLLATE=utf8mb4_unicode_ci;
/*!40101 SET character_set_client = @saved_cs_client */;

--
-- Dumping data for table `device_port`
--

LOCK TABLES `device_port` WRITE;
/*!40000 ALTER TABLE `device_port` DISABLE KEYS */;
INSERT INTO `device_port` VALUES (2886795009,'FastEthernet0/0','172.16.0.2',24,'fa 0/0 on the first router','Fa0/0','ca01.1de3.0000',NULL,1,'19'),(2886795009,'FastEthernet1/0','192.0.2.1',24,'some new desc','Fa1/0','ca01.1de3.001c',NULL,1,'16'),(2886795009,'FastEthernet1/1','172.16.2.1',24,'conneck aan die olive','Fa1/1','ca01.1de3.001d',NULL,1,'16'),(2886795009,'FastEthernet1/1.123','41.181.0.1',24,'N/A','Fa1/1.123','ca01.1de3.001d',NULL,1,'16'),(2886795009,'GigabitEthernet2/0',NULL,NULL,'N/A','Gi2/0','ca01.1de3.0038',NULL,1,'16'),(2886795009,'Loopback0','172.16.255.1',32,'N/A','Lo0','N/A',NULL,1,'19'),(2886795009,'Loopback10','1.0.1.1',32,'','Lo10','',NULL,0,'16'),(2886795009,'Loopback11','10.10.10.1',32,'N/A','Lo11','N/A',NULL,1,'21'),(2886795009,'Null0',NULL,NULL,'','Nu0','',NULL,0,'29'),(2886795009,'VoIP-Null0',NULL,NULL,'','Vo0','',NULL,0,'29'),(2886795011,'.local.',NULL,NULL,'',NULL,'Unspecified',NULL,1,'29'),(2886795011,'.local..0',NULL,NULL,'',NULL,'None',NULL,1,'29'),(2886795011,'.local..1',NULL,NULL,'',NULL,'None',NULL,1,'29'),(2886795011,'.local..2',NULL,NULL,'',NULL,'None',NULL,1,'29'),(2886795011,'.local..3',NULL,NULL,'',NULL,'None',NULL,1,'29'),(2886795011,'.local..4',NULL,NULL,'',NULL,'None',NULL,1,'29'),(2886795011,'.local..5',NULL,NULL,'',NULL,'None',NULL,1,'29'),(2886795011,'.local..6',NULL,NULL,'',NULL,'None',NULL,1,'29'),(2886795011,'.local..7',NULL,NULL,'',NULL,'None',NULL,0,NULL),(2886795011,'cbp0',NULL,NULL,'','cbp0','00:05:86:71:F4:11',NULL,1,NULL),(2886795011,'demux0',NULL,NULL,'','demux0','Unspecified',NULL,1,NULL),(2886795011,'dsc',NULL,NULL,'','dsc','Unspecified',NULL,1,NULL),(2886795011,'em0',NULL,NULL,'','em0','00:7A:96:25:E5:00',NULL,1,'19'),(2886795011,'em0.0','172.16.2.2',24,'Link back to first router','em0.0','None',NULL,1,'19'),(2886795011,'em1',NULL,NULL,'','em1','00:7A:96:25:E5:01',NULL,1,'16'),(2886795011,'em1.0','196.7.8.1',24,'test','em1.0','None',NULL,1,'16'),(2886795011,'em2',NULL,NULL,'','em2','00:7A:96:25:E5:02',NULL,1,'16'),(2886795011,'gre',NULL,NULL,'','gre','None',NULL,1,NULL),(2886795011,'ipip',NULL,NULL,'','ipip','None',NULL,1,NULL),(2886795011,'irb',NULL,NULL,'','irb','00:05:86:71:F8:20',NULL,1,NULL),(2886795011,'irb.0','41.181.1.1',24,'',NULL,'None',NULL,1,NULL),(2886795011,'lo0',NULL,NULL,'','lo0','Unspecified',NULL,1,'16'),(2886795011,'lo0.0','172.16.255.3',0,'Loopback 0','lo0.0','None',NULL,1,NULL),(2886795011,'lo0.11','196.7.8.8',0,'','lo0.11','None',NULL,0,'16'),(2886795011,'lo0.16384','127.0.0.1',0,'','lo0.16384','None',NULL,1,NULL),(2886795011,'lo0.16385','128.0.0.4',0,'','lo0.16385','None',NULL,1,NULL),(2886795011,'lsi',NULL,NULL,'','lsi','Unspecified',NULL,1,NULL),(2886795011,'mtun',NULL,NULL,'','mtun','None',NULL,1,NULL),(2886795011,'pimd',NULL,NULL,'','pimd','None',NULL,1,NULL),(2886795011,'pime',NULL,NULL,'','pime','None',NULL,1,NULL),(2886795011,'pip0',NULL,NULL,'','pip0','00:05:86:71:F7:E0',NULL,1,NULL),(2886795011,'pp0',NULL,NULL,'','pp0','Unspecified',NULL,1,NULL),(2886795011,'tap',NULL,NULL,'','tap','Unspecified',NULL,1,NULL);
/*!40000 ALTER TABLE `device_port` ENABLE KEYS */;
UNLOCK TABLES;

--
-- Table structure for table `interface_groups`
--

DROP TABLE IF EXISTS `interface_groups`;
/*!40101 SET @saved_cs_client     = @@character_set_client */;
/*!40101 SET character_set_client = utf8 */;
CREATE TABLE `interface_groups` (
  `id` varchar(36) COLLATE utf8mb4_unicode_ci NOT NULL,
  `name` varchar(255) COLLATE utf8mb4_unicode_ci NOT NULL,
  PRIMARY KEY (`id`)
) ENGINE=InnoDB DEFAULT CHARSET=utf8mb4 COLLATE=utf8mb4_unicode_ci;
/*!40101 SET character_set_client = @saved_cs_client */;

--
-- Dumping data for table `interface_groups`
--

LOCK TABLES `interface_groups` WRITE;
/*!40000 ALTER TABLE `interface_groups` DISABLE KEYS */;
INSERT INTO `interface_groups` VALUES ('15','bacbone'),('16','customer'),('18','core'),('19','infrastructure'),('20','in use'),('21','Faulty'),('29','Reserved'),('d561f341-9d9d-4175-9592-2cf216af802a','tralala');
/*!40000 ALTER TABLE `interface_groups` ENABLE KEYS */;
UNLOCK TABLES;

--
-- Table structure for table `service_requests`
--

DROP TABLE IF EXISTS `service_requests`;
/*!40101 SET @saved_cs_client     = @@character_set_client */;
/*!40101 SET character_set_client = utf8 */;
CREATE TABLE `service_requests` (
  `id` varchar(36) COLLATE utf8mb4_unicode_ci NOT NULL,
  `creation_date` datetime DEFAULT NULL,
  `device` varchar(100) COLLATE utf8mb4_unicode_ci NOT NULL,
  `task_id` varchar(100) COLLATE utf8mb4_unicode_ci NOT NULL,
  `status` varchar(15) COLLATE utf8mb4_unicode_ci NOT NULL,
  `customer` varchar(36) COLLATE utf8mb4_unicode_ci DEFAULT NULL,
  `result` longtext COLLATE utf8mb4_unicode_ci,
  `port` varchar(255) COLLATE utf8mb4_unicode_ci DEFAULT NULL,
  `service` varchar(36) COLLATE utf8mb4_unicode_ci DEFAULT NULL,
  `resources` text COLLATE utf8mb4_unicode_ci,
  PRIMARY KEY (`id`),
  KEY `customer` (`customer`),
  KEY `service` (`service`)
) ENGINE=InnoDB DEFAULT CHARSET=utf8mb4 COLLATE=utf8mb4_unicode_ci;
/*!40101 SET character_set_client = @saved_cs_client */;

--
-- Dumping data for table `service_requests`
--

LOCK TABLES `service_requests` WRITE;
/*!40000 ALTER TABLE `service_requests` DISABLE KEYS */;
INSERT INTO `service_requests` VALUES ('0207b950-da30-4e11-bd7e-45ed105d437a','2017-02-10 10:29:52','2886795009','cfcad67f-84e9-4e95-aa2d-270ad65bc5a0','UNKNOWN','76fe27fc-598c-47d9-b70b-79e8e355cee3','interface FastEthernet1/0\n description test\n ip address 192.0.2.1 255.255.255.0\n shut\nend\n\n--\nInvalid output from MD5 command: %Error computing MD5 hash disk0:merge_config.txt (File not found)','FastEthernet1/0','10','{\"interface\": \"FastEthernet1/0\", \"mask\": \"255.255.255.0\", \"description\": \"test\", \"ipv4\": \"192.0.2.1\"}'),('045dd8e4-e3ae-4164-9909-e65f83aeb3d0','2017-02-14 14:23:32','2886795011','fb21417e-5153-4610-b8fa-54c6f17bcdb7','UNKNOWN','5a105c38-b2ac-4f18-b74c-f7c47cd878b3','interfaces {\n        em1 {\n            unit 0 {\n                description \"trying with key file\";\n            }\n        }\n}\n\n--\nConnectAuthError(172.16.255.3)','em1.0','14','{\"interface\": \"em1\", \"description\": \"trying with key file\"}'),('0c867cc7-6ee3-4000-90fe-412111644241','2017-02-27 11:34:36','2886795009','28d49049-f8bc-4527-ac64-5d952710c204','SUCCESS',NULL,'Running discovery on 172.16.255.1',NULL,NULL,NULL),('0f150b21-9022-401f-84de-3c82de969ce4','2017-02-10 16:32:35','2886795008','e9406e82-4bbc-4b46-8abb-e3407e7d22d3','FAILURE',NULL,'Running discovery on 172.16.255.0',NULL,NULL,NULL),('100','2017-01-09 18:11:24','2886795009','f339bf10-444e-4d38-b7fd-4261ab9010a8','SUCCESS','4f281e18-d380-4905-8adb-e2de64f67d85',NULL,NULL,NULL,NULL),('101','2017-01-09 18:16:12','2886795011','389c4d4c-5a53-4aae-b395-646ee4b47204','FAILURE','4f281e18-d380-4905-8adb-e2de64f67d85',NULL,NULL,NULL,NULL),('102','2017-01-09 18:40:06','2886795011','7c8c8fb2-ab99-44c8-9fd3-ef6ebb8446e9','FAILURE','5a105c38-b2ac-4f18-b74c-f7c47cd878b3',NULL,NULL,NULL,NULL),('103','2017-01-09 18:41:24','2886795011','7c94b665-081e-4627-8c2e-ef2ef027b405','FAILURE','5a105c38-b2ac-4f18-b74c-f7c47cd878b3',NULL,NULL,NULL,NULL),('104','2017-01-09 18:42:08','2886795011','4e641eab-69db-4287-8d2c-474f77381859','SUCCESS','5a105c38-b2ac-4f18-b74c-f7c47cd878b3',NULL,NULL,NULL,NULL),('105','2017-01-09 18:42:37','2886795011','d68fe9bf-30ae-4453-ae71-a6fbe82a5320','FAILURE','4f281e18-d380-4905-8adb-e2de64f67d85',NULL,NULL,NULL,NULL),('106','2017-01-09 18:46:23','2886795011','d9f1b15d-74ea-4357-a803-87f070cd5742','UNKNOWN','5a105c38-b2ac-4f18-b74c-f7c47cd878b3',NULL,NULL,NULL,NULL),('107','2017-01-10 10:19:30','2886795011','a1a242c5-8386-428a-8661-17b6d042a8f9','SUCCESS','5a105c38-b2ac-4f18-b74c-f7c47cd878b3','\'interfaces {\n	em1 {\n	    unit 0 {\n	        description \"Teesting netconf\";\n	        family inet {\n	            address 1.2.3.4/24;\n	        }\n	    }\n	}\n}\'',NULL,NULL,NULL),('108','2017-01-10 10:24:34','2886795011','6003916e-46d9-4daa-ad78-87c4395a68b9','SUCCESS','5a105c38-b2ac-4f18-b74c-f7c47cd878b3','\'interfaces {\n	em1 {\n	    unit 0 {\n	        description \"Teesting netconf\";\n	        family inet {\n	            address 1.2.3.4/24;\n	        }\n	    }\n	}\n}\'',NULL,NULL,NULL),('109','2017-01-10 10:50:01','2886795009','4969daa3-604a-4df9-9649-19b43c4f0620','SUCCESS',NULL,NULL,NULL,NULL,NULL),('110','2017-01-10 10:52:35','2886795009','afb7e2c5-bb1c-421f-92dd-4270050d7f8e','SUCCESS','5a105c38-b2ac-4f18-b74c-f7c47cd878b3','\'no interface Loopback10\'',NULL,NULL,NULL),('111','2017-01-10 10:55:29','2886795009','8ba78b55-93b7-4bda-a573-9057644a3bf6','SUCCESS','5a105c38-b2ac-4f18-b74c-f7c47cd878b3','\'no interface Loopback10\'',NULL,NULL,NULL),('112','2017-01-10 10:57:54','2886795009','6d310d71-a6df-40a5-b721-b399ed4e73da','SUCCESS','5a105c38-b2ac-4f18-b74c-f7c47cd878b3','\'interface Loopback10\n description pushed thanks to Napalm\n ip address 172.16.3.1 255.255.255.128\nend\'',NULL,NULL,NULL),('113','2017-01-10 11:01:36','2886795009','194373fa-ae5f-401b-8c83-379dcf8c0f07','SUCCESS','5a105c38-b2ac-4f18-b74c-f7c47cd878b3','\'interface Loopback10\n description pushed thanks to Napalm\n ip address 172.16.3.1 255.255.255.128\nend\'',NULL,NULL,NULL),('114','2017-01-10 11:03:40','2886795009','756c6acf-88fc-4ff6-9dc0-2dee5813f957','SUCCESS','5a105c38-b2ac-4f18-b74c-f7c47cd878b3','\'no interface Loopback10\'',NULL,NULL,NULL),('115','2017-01-10 11:49:19','2886795009','fe417b8f-559b-4d55-8e1c-61a66852f670','SUCCESS','5a105c38-b2ac-4f18-b74c-f7c47cd878b3','\'Configuration merge failed; automatic rollback attempted\'',NULL,NULL,NULL),('116','2017-01-10 11:53:59','2886795009','b8a3d4fa-2607-4fb4-bfa8-f5d7ca23897b','UNKNOWN','5a105c38-b2ac-4f18-b74c-f7c47cd878b3','\'Configuration merge failed; automatic rollback attempted\'',NULL,NULL,NULL),('117','2017-01-10 14:20:20','2886795011','16361fbb-f9c4-4d47-ae6b-481f316a8960','SUCCESS','76fe27fc-598c-47d9-b70b-79e8e355cee3','\'interfaces {\n    delete: em1;\n}\'',NULL,NULL,NULL),('118','2017-01-11 10:23:06','2886795009','45ff2a01-f93c-4c62-9df5-e899b2a4c1e4','UNKNOWN',NULL,NULL,NULL,NULL,NULL),('119','2017-01-11 12:06:11','2886795011','3114c554-a220-475b-9e7f-826e342275ae','FAILURE','76fe27fc-598c-47d9-b70b-79e8e355cee3',NULL,'em1',NULL,NULL),('12','2016-12-22 10:10:59','2886795009','826918b3-a06a-4240-88ca-72c8c376fcbb','FAILURE',NULL,NULL,NULL,NULL,NULL),('120','2017-01-11 12:11:54','2886795011','d42cc16d-93e6-41e4-9f03-3e9930a64888','SUCCESS','76fe27fc-598c-47d9-b70b-79e8e355cee3','\'interfaces {\n	em1 {\n	    unit 0 {\n	        description \"Teesting netconf\";\n	        family inet {\n	            address 1.2.3.4/24;\n	        }\n	    }\n	}\n}\'','em1',NULL,NULL),('121','2017-01-11 12:26:03','2886795011','242f5184-bb09-4cb1-a373-99b99c811887','SUCCESS',NULL,NULL,'None',NULL,NULL),('123','2017-01-11 14:50:20','2886795009','584577fc-3fd5-461d-99ac-b9b9f79cb3dc','SUCCESS',NULL,NULL,'None',NULL,NULL),('124','2017-01-11 14:58:07','2886795009','c7ecb558-56f4-422e-aaec-bd647b394f82','SUCCESS',NULL,NULL,'None',NULL,NULL),('125','2017-01-11 15:02:30','2886795009','66f31ac6-fb92-40c2-932d-a1733d790207','SUCCESS',NULL,NULL,'None',NULL,NULL),('126','2017-01-11 15:04:01','2886795009','a3908e5d-fc01-43dd-a8b3-2ff014ad7a17','SUCCESS',NULL,NULL,'None',NULL,NULL),('127','2017-01-11 15:06:39','2886795009','3fd345d4-6319-489a-8f91-e4e800de717d','SUCCESS',NULL,NULL,'None',NULL,NULL),('12782feb-784f-407e-ae56-1f0a14b74530','2017-02-11 09:07:38','2886795011','4ea3fc8a-79c7-443b-9749-71d639a9e943','UNKNOWN','76fe27fc-598c-47d9-b70b-79e8e355cee3','interfaces {\n    em1.0 {\n        description \"didn\'t specify unit\";\n    }\n}\n\n--\nConnectError(host: 172.16.255.3, msg: Capability exchange timed out)','em1.0','2e223a86-e749-4e5b-aa7d-11151fbd923a','{\"interface\": \"em1.0\", \"description\": \"didn\'t specify unit\"}'),('128','2017-01-11 15:07:20','2886795009','37cdf454-2c9d-4737-94e3-da7200430c61','SUCCESS',NULL,NULL,'None',NULL,NULL),('129','2017-01-11 15:08:03','2886795009','98d94261-e7cf-4315-a0a3-1754caa65c03','SUCCESS',NULL,NULL,'None',NULL,NULL),('13','2016-12-22 10:32:17','2886795009','e5eaff6d-3d52-4046-98db-87a58997d093','FAILURE',NULL,NULL,NULL,NULL,NULL),('130','2017-01-11 15:10:18','2886795009','9e339fc5-fed5-4fae-94aa-d14acc4ead87','SUCCESS',NULL,NULL,'None',NULL,NULL),('131','2017-01-11 15:12:12','2886795009','ac37be51-692d-4eac-8535-4a4d89428c46','SUCCESS',NULL,NULL,'None',NULL,NULL),('133','2017-01-12 07:59:56','2886795009','b753620a-985f-4257-a83d-da90a69561df','FAILURE',NULL,NULL,'None',NULL,NULL),('135','2017-01-12 07:59:56','2886795011','827ae5a6-3031-455a-a57a-0eaf148ffe2e','FAILURE',NULL,NULL,'None',NULL,NULL),('137','2017-01-12 08:09:18','2886795009','6b25d908-5003-4c42-b9f4-46577890d19f','FAILURE',NULL,NULL,'None',NULL,NULL),('139','2017-01-12 08:09:18','2886795011','1f0b87d5-07ec-41b7-9a3f-fa959283c075','FAILURE',NULL,NULL,'None',NULL,NULL),('14','2016-12-22 11:49:44','2886795009','d4ceb474-b9a0-426c-8a7b-4457c73068e1','FAILURE',NULL,NULL,NULL,NULL,NULL),('141','2017-01-12 08:09:26','2886795009','3b52badc-0023-4032-9850-ee92a2957a65','SUCCESS',NULL,NULL,'None',NULL,NULL),('143','2017-01-12 08:09:26','2886795011','7a8732ae-5ccf-4e0d-aaed-6fcb9ed7b0ae','SUCCESS',NULL,NULL,'None',NULL,NULL),('144','2017-01-12 08:13:41','2886795009','ae67f75e-7d2d-4f7f-bb7a-b41577c44df0','SUCCESS','76fe27fc-598c-47d9-b70b-79e8e355cee3','\'interface FastEthernet1/0\n description pushed thanks to Napalm\n ip address 172.16.1.1 255.255.255.128\nend\'','FastEthernet1/0',NULL,NULL),('145','2017-01-12 08:14:47','2886795009','d577d3aa-26b4-475f-8846-6b09abe3fa43','UNKNOWN',NULL,NULL,'None',NULL,NULL),('146','2017-01-12 10:27:30','2886795009','336d9818-0481-426f-b64f-f09a4ef658fa','SUCCESS','76fe27fc-598c-47d9-b70b-79e8e355cee3','\'interface FastEthernet1/0\n description pushed thanks to Napalm\n ip address 172.16.1.1 255.255.255.128\n no shut\nend\'','FastEthernet1/0',NULL,NULL),('147','2017-01-12 10:33:11','2886795009','ff874d1f-c943-44f3-86b5-72606fe11ac0','SUCCESS','4f281e18-d380-4905-8adb-e2de64f67d85','\'interface FastEthernet1/1\n    desc 512k for cust A\'','FastEthernet1/1',NULL,NULL),('148f4c5b-c5fb-4109-8fb8-44ad6063d6ba','2017-02-10 16:32:36','2886795010','78b2df1e-3fdb-4178-93a5-94ef4da345e2','FAILURE',NULL,'Running discovery on 172.16.255.2',NULL,NULL,NULL),('149','2017-01-12 10:35:52','2886795009','2212daa5-8f8c-451b-8efc-97e650e54815','SUCCESS',NULL,NULL,'None',NULL,NULL),('15','2016-12-23 09:40:44','2886795009','f3555135-982f-4106-a24e-c2f6e351c8d2','FAILURE',NULL,NULL,NULL,NULL,NULL),('151','2017-01-12 10:35:52','2886795011','a67da142-5f78-41f0-889f-9d316f46d1de','SUCCESS',NULL,NULL,'None',NULL,NULL),('152','2017-01-14 17:54:44','2886795011','0ffcd5ab-a56b-4c92-95b3-e0f1328db1b7','FAILURE',NULL,NULL,'None',NULL,NULL),('153','2017-01-14 17:55:46','2886795011','246ab20c-ca47-4a52-ba19-3f8170203e1b','UNKNOWN',NULL,NULL,'None',NULL,NULL),('154','2017-01-15 08:56:44','2886795009','a63bda98-5bb9-4eab-b09b-842d493d439a','SUCCESS',NULL,NULL,'None',NULL,NULL),('155','2017-01-15 09:29:38','2886795009','e9746dd8-59a2-4fd9-8b80-e5fc7baf6c1b','SUCCESS','76fe27fc-598c-47d9-b70b-79e8e355cee3','\'interface FastEthernet1/0\n description pushed thanks to Napalm\n ip address 172.16.1.1 255.255.255.128\n no shut\nend\'','FastEthernet1/0',NULL,NULL),('156','2017-01-15 09:38:52','2886795011','unknown','UNKNOWN','026cea87-94ee-4ff4-a1c9-704ce08f574e','\'RpcTimeoutError(host: 172.16.255.3, cmd: commit-configuration, timeout: 60)\'','em1',NULL,NULL),('157','2017-01-15 16:32:23','2886795011','984f0b87-ec05-4c46-b8f2-9dec1e92460a','SUCCESS',NULL,NULL,'None',NULL,NULL),('158','2017-01-15 16:49:44','2886795009','6c57ba81-443a-4621-b4aa-048bc3be0a9a','SUCCESS','5a105c38-b2ac-4f18-b74c-f7c47cd878b3','\'interface FastEthernet1/0\n description pushed thanks to Napalm\n ip address 172.16.1.1 255.255.255.128\n no shut\nend\'','FastEthernet1/0',NULL,NULL),('159','2017-01-15 16:52:41','2886795009','1be8917e-c6c7-4b57-9cf7-c3eba9b7c525','SUCCESS','76fe27fc-598c-47d9-b70b-79e8e355cee3','\'interface FastEthernet1/0\n description pushed thanks to Napalm\n ip address 172.16.3.1 255.255.255.128\n shut\nend\'','FastEthernet1/0',NULL,NULL),('16','2016-12-23 09:43:42','2886795009','859075ca-9a06-45fd-af19-4781dfbc0bbf','FAILURE',NULL,NULL,NULL,NULL,NULL),('160','2017-01-15 16:54:12','2886795009','unknown','UNKNOWN',NULL,NULL,'None',NULL,NULL),('161','2017-01-15 17:01:35','2886795009','1600b642-c97e-427c-ad96-c7d4060614b1','SUCCESS',NULL,NULL,'None',NULL,NULL),('163','2017-01-15 17:11:48','2886795009','0cebcd54-434d-4086-ade9-9280a385828a','FAILURE',NULL,NULL,'None',NULL,NULL),('165','2017-01-15 17:11:48','2886795011','8e430d3b-aeb8-4652-b797-5d1aa6662ecd','FAILURE',NULL,NULL,'None',NULL,NULL),('167','2017-01-15 17:12:46','2886795009','a8e66464-980d-4178-b864-d5f0324665ce','FAILURE',NULL,NULL,'None',NULL,NULL),('169','2017-01-15 17:12:46','2886795011','f9bb108e-419d-4288-82bc-0552a0318e76','FAILURE',NULL,NULL,'None',NULL,NULL),('17','2016-12-23 10:58:53','2886795009','da48425a-b98d-40d9-a50c-8f42f7929b4a','FAILURE',NULL,NULL,NULL,NULL,NULL),('171','2017-01-15 17:14:35','2886795009','f232415b-8a55-46cc-b90d-8d55cc4ae59d','FAILURE',NULL,NULL,'None',NULL,NULL),('173','2017-01-15 17:14:35','2886795011','f8f670dd-c05d-4393-b892-f37f42847368','FAILURE',NULL,NULL,'None',NULL,NULL),('175','2017-01-15 17:18:46','2886795009','f276fc89-a0d0-42e7-b11a-7894305fb6ba','SUCCESS',NULL,NULL,'None',NULL,NULL),('177','2017-01-15 17:18:46','2886795011','28664aa2-fda4-490a-b15d-4858587f1fa3','SUCCESS',NULL,NULL,'None',NULL,NULL),('178','2017-01-16 13:12:37','2886795009','915edef6-38eb-4fe8-b75c-843f05464c03','FAILURE',NULL,NULL,'None',NULL,NULL),('179','2017-01-16 13:15:23','2886795009','b40b6aa1-834c-4c27-94f2-1d3ee35ab8a7','SUCCESS',NULL,NULL,'None',NULL,NULL),('18','2016-12-23 11:12:54','2886795011','44e4d5df-6dcc-493e-83c3-454a04179dcb','FAILURE',NULL,NULL,NULL,NULL,NULL),('180','2017-01-16 13:18:44','2886795009','0c0819ea-be3a-43b0-be94-5e3c6e895cc0','SUCCESS',NULL,NULL,'None',NULL,NULL),('181','2017-01-16 13:23:39','2886795009','bla','UNKNOWN',NULL,NULL,'None',NULL,NULL),('182','2017-01-16 13:35:16','2886795009','f1dc15b9-b179-4279-8733-1322996bdc37','SUCCESS','026cea87-94ee-4ff4-a1c9-704ce08f574e','\'no interface FastEthernet1/0\'','FastEthernet1/0',NULL,NULL),('183','2017-01-16 13:36:45','2886795009','a53bfe87-1bef-4df5-86e4-b2df072c9a8f','SUCCESS','026cea87-94ee-4ff4-a1c9-704ce08f574e','\'default interface FastEthernet1/0\'','FastEthernet1/0',NULL,NULL),('184','2017-01-16 13:40:42','2886795009','57cc5a26-3968-47ef-b7fe-02c3d5d2b578','SUCCESS','026cea87-94ee-4ff4-a1c9-704ce08f574e','\'default interface FastEthernet1/0\nend\'','FastEthernet1/0',NULL,NULL),('185','2017-01-16 13:54:36','2886795009','de59dc2f-4d7d-45e8-8f7e-180ef99003c1','SUCCESS','026cea87-94ee-4ff4-a1c9-704ce08f574e','\'default interface FastEthernet1/0\'','FastEthernet1/0',NULL,NULL),('186','2017-01-16 13:58:30','2886795009','b040f907-fd26-4f05-a30e-5c16dc787439','SUCCESS','026cea87-94ee-4ff4-a1c9-704ce08f574e','\'default interface FastEthernet1/0\'','FastEthernet1/0',NULL,NULL),('187','2017-01-16 13:59:23','2886795009','25b6edd0-a64c-44eb-af74-b223f573e371','SUCCESS','026cea87-94ee-4ff4-a1c9-704ce08f574e','\'default interface FastEthernet1/0\'','FastEthernet1/0',NULL,NULL),('188','2017-01-16 14:02:02','2886795009','a37e19a5-9369-485a-bded-30c3b7a33730','SUCCESS','026cea87-94ee-4ff4-a1c9-704ce08f574e','\'default interface FastEthernet1/0\'','FastEthernet1/0',NULL,NULL),('189','2017-01-16 14:33:27','2886795011','0d2abff5-f0de-40fd-95d1-6a068cb76853','UNKNOWN','4f281e18-d380-4905-8adb-e2de64f67d85','\'error: syntax error\nerror: error recovery ignores input until this point\'','em1',NULL,NULL),('19','2016-12-23 11:39:50','2886795011','7d9ec33b-d22b-4aa6-b6b1-d16265a80fb7','FAILURE',NULL,NULL,NULL,NULL,NULL),('190','2017-01-16 14:34:25','2886795011','0ed2b638-4cc9-4d1e-83fc-a5d200631526','UNKNOWN','4f281e18-d380-4905-8adb-e2de64f67d85','\'error: syntax error\nerror: error recovery ignores input until this point\'','em1',NULL,NULL),('191','2017-01-16 15:03:35','2886795011','3b03096d-3dfd-453f-8488-98fc73256979','UNKNOWN','5a105c38-b2ac-4f18-b74c-f7c47cd878b3','\'error: syntax error\nerror: error recovery ignores input until this point\'','em1',NULL,NULL),('192','2017-01-16 20:49:31','2886795009','unknown','UNKNOWN',NULL,NULL,'None',NULL,NULL),('193','2017-01-17 10:37:10','2886795011','cdc95263-409a-4ba5-9269-d34440fa35bb','FAILURE','5a105c38-b2ac-4f18-b74c-f7c47cd878b3',NULL,'em10',NULL,NULL),('194','2017-01-17 10:38:36','2886795011','31d20732-e1b6-43cf-8a10-29b6c6ccc94e','SUCCESS','5a105c38-b2ac-4f18-b74c-f7c47cd878b3','\'interfaces em1 {\n    unit 0 {\n        description \"wazzup\";\n    }\n}\'','em10',NULL,NULL),('195','2017-01-17 10:41:19','2886795011','c3d12e7f-ff3e-46a9-98b6-2175e718616e','SUCCESS','5a105c38-b2ac-4f18-b74c-f7c47cd878b3','\'interfaces em1 {\n    unit 0 {\n        description \"wazzup\";\n    }\n}\'','em1.0',NULL,NULL),('196','2017-01-17 10:42:33','2886795011','69e53c30-b998-4038-9991-5b37bc42dc42','SUCCESS',NULL,NULL,'None',NULL,NULL),('197','2017-01-17 11:07:31','2886795009','f5104e84-2bef-48cc-bdad-9b3ed6341a3e','UNKNOWN','5a105c38-b2ac-4f18-b74c-f7c47cd878b3','\'An error occurred in dynamically determining remote file system: dir %Error opening disk0:/ (Invalid DOS media or no media in slot)\'','FastEthernet1/0','10',NULL),('198','2017-01-17 11:08:44','2886795009','e89da2bd-118e-472d-a14d-0fe0e2d8b20f','SUCCESS','5a105c38-b2ac-4f18-b74c-f7c47cd878b3','\'interface FastEthernet1/0\n description pushed thanks to Napalm\n ip address 172.16.3.1 255.255.255.128\n shut\nend\'','FastEthernet1/0','10',NULL),('199','2017-01-17 13:33:02','2886795011','b1be7692-8503-46b6-9946-cbb35a3fca68','SUCCESS','026cea87-94ee-4ff4-a1c9-704ce08f574e','\'interfaces {\n    delete: em1;\n}\'','em1','15',NULL),('20','2016-12-23 11:58:03','2886795011','258317fd-22ca-472c-8cf1-2351618b7c58','FAILURE',NULL,NULL,NULL,NULL,NULL),('200','2017-01-17 15:21:51','2886795011','7d29e1d1-3062-4377-8f34-23d9043b1f8a','SUCCESS',NULL,NULL,'None',NULL,NULL),('201','2017-01-17 15:25:41','2886795011','bb38cfdd-a737-4876-a5f8-fa751d68dfd1','SUCCESS',NULL,'Running discovery on 172.16.255.3','None',NULL,NULL),('203','2017-01-17 16:05:57','2886795011','b84d925a-928d-420f-9d1f-14708cd7ca6f','SUCCESS','026cea87-94ee-4ff4-a1c9-704ce08f574e','interfaces {\n    delete: em1;\n}','em1','15',NULL),('204','2017-01-18 14:45:11','2886795009','3050d5ef-f667-4b6a-a85d-2bc4bcb15a31','UNKNOWN',NULL,'\'timed out while connecting to remote host\'',NULL,NULL,NULL),('205','2017-01-18 14:48:44','2886795009','1a4189c2-9c17-4139-9bfe-7bfdaab4dfbb','SUCCESS',NULL,'Running discovery on 172.16.255.1',NULL,NULL,NULL),('206','2017-01-18 14:49:49','2886795009','efb135bd-bb7f-4c81-b438-a2ccc67c980c','SUCCESS',NULL,'Running discovery on 172.16.255.1',NULL,NULL,NULL),('207','2017-01-18 14:52:55','2886795009','2a274ab7-abc5-4d7e-8a14-03cb37f160f0','SUCCESS',NULL,'Running discovery on 172.16.255.1',NULL,NULL,NULL),('208','2017-01-18 14:54:37','2886795009','15059378-83e8-49af-a55d-d2c89b7cc7c6','SUCCESS',NULL,'Running discovery on 172.16.255.1',NULL,NULL,NULL),('209','2017-01-18 14:55:32','2886795009','bc25b46f-050b-49f9-9be7-02144f295cc4','SUCCESS',NULL,'Running discovery on 172.16.255.1',NULL,NULL,NULL),('20dd8941-3813-4579-83d5-ff41fc1d309c','2017-02-14 11:39:29','2886795011','82a30157-b1b3-4938-9825-a8b15fd2a3f5','UNKNOWN','5a105c38-b2ac-4f18-b74c-f7c47cd878b3','interfaces em1 {\n    unit 0 {\n        description \"from pete\";\n    }\n}\n\n--\nConnectAuthError(172.16.255.3)','em1.0','19','{\"interface\": \"em1\", \"description\": \"from pete\", \"unit\": \"0\"}'),('21','2016-12-23 12:01:59','2886795011','4daeadfe-8f28-45c2-89e8-eea643f7aa98','FAILURE',NULL,NULL,NULL,NULL,NULL),('210','2017-01-18 15:00:40','2886795009','a6ce9380-e998-45b6-acdf-a9c0e7bf95d3','SUCCESS',NULL,'Running discovery on 172.16.255.1',NULL,NULL,NULL),('211','2017-01-18 15:02:30','2886795009','7bea3ba8-1a40-4847-80ad-9817a2e2294c','SUCCESS',NULL,'Running discovery on 172.16.255.1',NULL,NULL,NULL),('212','2017-01-18 15:03:43','2886795009','5efeeca9-b4c2-4d56-87b7-4ed312ef41b4','SUCCESS',NULL,'Running discovery on 172.16.255.1',NULL,NULL,NULL),('213','2017-01-18 15:11:17','2886795009','43f4d767-c878-4132-8a3c-4ddd4b09a6a2','SUCCESS',NULL,'Running discovery on 172.16.255.1',NULL,NULL,NULL),('214','2017-01-18 15:12:16','2886795009','002527dc-e779-45d3-a3b4-fe11841649c6','SUCCESS',NULL,'Running discovery on 172.16.255.1',NULL,NULL,NULL),('215','2017-01-18 15:19:32','2886795009','83f95439-7b2d-4b03-88f8-8c28c022bb47','SUCCESS',NULL,'Running discovery on 172.16.255.1',NULL,NULL,NULL),('216','2017-01-18 15:22:13','2886795009','d43a9ed1-82f8-4fe3-9254-ef22c8ef0350','SUCCESS',NULL,'Running discovery on 172.16.255.1',NULL,NULL,NULL),('217','2017-01-18 15:26:19','2886795009','2a2fd778-807e-4a01-998f-cd6d4e7f1730','SUCCESS',NULL,'Running discovery on 172.16.255.1',NULL,NULL,NULL),('218','2017-01-18 15:27:32','2886795009','4b7b23c7-1cbb-4554-a39a-42b8f673e1db','UNKNOWN',NULL,'Running discovery on 172.16.255.1',NULL,NULL,NULL),('219','2017-01-18 18:57:16','2886795011','42b8164a-3d64-4c4f-8781-a9aea80dac5a','UNKNOWN',NULL,'Running discovery on 172.16.255.3',NULL,NULL,NULL),('22','2016-12-23 12:06:41','2886795011','51424ce8-936c-45b3-9c87-c8e0efa1b048','FAILURE',NULL,NULL,NULL,NULL,NULL),('220','2017-01-18 20:03:37','2886795009','2a0a6774-25ed-475b-9ee6-0a11d7ad4d04','SUCCESS',NULL,'Running discovery on 172.16.255.1',NULL,NULL,NULL),('221','2017-01-18 20:07:29','2886795009','6499ae68-b14f-47b6-b2e4-b1f5903b9ec5','SUCCESS',NULL,'Running discovery on 172.16.255.1',NULL,NULL,NULL),('222','2017-01-18 20:07:55','2886795009','72d3c7a8-5674-466c-8f64-ff260d54cd25','SUCCESS',NULL,'Running discovery on 172.16.255.1',NULL,NULL,NULL),('223','2017-01-18 20:08:39','2886795009','4e3af2f6-79a3-483e-a742-baee43dd09a1','SUCCESS',NULL,'Running discovery on 172.16.255.1',NULL,NULL,NULL),('224','2017-01-18 20:09:35','2886795009','b3f38fdd-748d-4dc6-aa23-46881aa35f83','SUCCESS',NULL,'Running discovery on 172.16.255.1',NULL,NULL,NULL),('225','2017-01-18 20:10:47','2886795009','ca9555ed-b8d5-4f37-b65b-037c3a01a0e3','SUCCESS',NULL,'Running discovery on 172.16.255.1',NULL,NULL,NULL),('226','2017-01-18 20:11:41','2886795009','4079232a-1ba5-4161-8df7-0330ecc3daf7','SUCCESS',NULL,'Running discovery on 172.16.255.1',NULL,NULL,NULL),('227','2017-01-18 20:12:35','2886795009','4ecc2a94-5c6c-4f51-8caa-46a9d98db1fc','UNKNOWN',NULL,'Running discovery on 172.16.255.1',NULL,NULL,NULL),('228','2017-01-19 11:07:54','2886795009','08ae1fe4-0a44-46f5-a7e9-bccaacfd9758','SUCCESS',NULL,'Running discovery on 172.16.255.1',NULL,NULL,NULL),('229','2017-01-19 11:17:09','2886795011','638b9c3f-5fe5-43b0-a209-1dec23552392','SUCCESS',NULL,'Running discovery on 172.16.255.3',NULL,NULL,NULL),('23','2016-12-23 12:09:50','2886795011','a92b7b1f-9f03-428d-8744-3cb3fd60707c','SUCCESS',NULL,NULL,NULL,NULL,NULL),('230','2017-01-19 13:25:32','2886795009','c7a9a2b2-55cd-4ac1-8641-d46f64566a8c','SUCCESS',NULL,'Running discovery on 172.16.255.1',NULL,NULL,NULL),('231','2017-01-19 17:35:41','2886795009','38ff099f-fdf2-4b04-87ab-ff4d1a053dca','SUCCESS','026cea87-94ee-4ff4-a1c9-704ce08f574e','default interface FastEthernet1/0','FastEthernet1/0','16',NULL),('232','2017-01-19 17:43:26','2886795011','6fc5d879-3b60-45c2-8d77-cceebf22205d','SUCCESS','14038e25-6162-42a4-b5f1-39a304dd6d9a','interfaces em1 {\n    unit 1 {\n        description \"wazzup\";\n    }\n}','em1.1','19',NULL),('234','2017-01-19 17:50:04','2886795009','c22add44-e928-486a-85b4-9ec537af8f72','SUCCESS',NULL,'Running discovery on 172.16.255.1',NULL,NULL,NULL),('236','2017-01-19 17:50:04','2886795011','6708996a-1ac2-498f-824a-180a8d5db34a','SUCCESS',NULL,'Running discovery on 172.16.255.3',NULL,NULL,NULL),('237','2017-01-19 18:02:38','2886795009','3f11bc5d-2629-46b2-b7cd-1dfddcfa7799','SUCCESS',NULL,'Running discovery on 172.16.255.1',NULL,NULL,NULL),('238','2017-01-19 18:03:31','2886795009','ff545a7c-b7c1-4b8c-84d2-83357b7a4025','SUCCESS',NULL,'Running discovery on 172.16.255.1',NULL,NULL,NULL),('24','2016-12-23 12:11:27','2886795011','eceeb846-f729-4e24-babc-85d9c660c069','SUCCESS',NULL,NULL,NULL,NULL,NULL),('240','2017-01-19 18:04:27','2886795009','4eecf320-db2c-449e-9415-9ce3bf5997e9','SUCCESS',NULL,'Running discovery on 172.16.255.1',NULL,NULL,NULL),('242','2017-01-19 18:04:27','2886795011','228d07d2-a581-4286-abf9-e8ff90caad9c','SUCCESS',NULL,'Running discovery on 172.16.255.3',NULL,NULL,NULL),('244','2017-01-19 18:05:37','2886795009','520d90e3-359f-4dad-b58e-4cf799fb55be','SUCCESS',NULL,'Running discovery on 172.16.255.1',NULL,NULL,NULL),('246','2017-01-19 18:05:37','2886795011','b3d95bb5-d0a9-427d-ad49-ef071d4a3441','SUCCESS',NULL,'Running discovery on 172.16.255.3',NULL,NULL,NULL),('247','2017-01-19 18:08:24','2886795011','d6b4e0f4-8eb8-4cf6-8e65-861ee1ad22f1','SUCCESS','5a105c38-b2ac-4f18-b74c-f7c47cd878b3','interfaces em1 {\n    unit 1 {\n        description \"yoyo\";\n    }\n}','em1.1','19',NULL),('248','2017-01-19 18:11:28','2886795011','e87c55e0-3462-4eaf-b56a-06ced1e89a73','SUCCESS',NULL,'Running discovery on 172.16.255.3',NULL,NULL,NULL),('249','2017-01-19 18:48:08','2886795011','a7b3a8d0-fcb7-471b-84d2-1f80821cd1b2','UNKNOWN','14038e25-6162-42a4-b5f1-39a304dd6d9a','\'CommitError(edit_path: [edit interfaces em1 unit 1 family inet], bad_element: address 196.7.8.0/24, message: error: Cannot assign address 0 on subnet\nerror: configuration check-out failed)\'','em1','22',NULL),('25','2016-12-23 12:13:02','2886795011','76c30a71-6b39-4d76-aea7-1533aaddc0e3','SUCCESS',NULL,NULL,NULL,NULL,NULL),('250','2017-01-19 18:49:43','2886795011','1558d7ef-7927-40e7-ab24-f8036b3a44c4','SUCCESS','14038e25-6162-42a4-b5f1-39a304dd6d9a','interfaces {\n    em1 {\n        unit 1\n        family inet {\n            address 196.7.8.1/24;\n        }\n    }\n}','em1','22',NULL),('251','2017-01-19 19:00:06','2886795011','32887338-5155-4c10-bbbc-7c7352fca131','UNKNOWN','73a3ab54-1d61-4d1b-a076-605f1f938173','\'error: syntax error\'','em1','22',NULL),('252','2017-01-19 19:06:04','2886795011','21bd865c-198b-43c2-8bc1-3fd9239b76f0','UNKNOWN','73a3ab54-1d61-4d1b-a076-605f1f938173','\'error: syntax error\'','em1.0','22',NULL),('253','2017-01-19 19:10:23','2886795011','4bad0301-ebd1-403c-802d-fc07089086d9','SUCCESS','73a3ab54-1d61-4d1b-a076-605f1f938173','interfaces {\n    em1 {\n        unit 0 {\n            family inet {\n                address 196.7.8.1/24;\n            }\n        }\n    }\n}','em1.0','22',NULL),('254','2017-01-19 20:42:42','2886795011','334f1ee2-0e4c-491e-99aa-3d55f2d795c6','SUCCESS','73a3ab54-1d61-4d1b-a076-605f1f938173','interfaces {\n    em1 {\n        unit 0 {\n            family inet {\n                address 196.7.8.1/24;\n            }\n        }\n    }\n}','em1.0','22',NULL),('255','2017-01-19 20:44:28','2886795011','a9511ae0-28d8-43ce-babb-5d9eb8fd82c1','SUCCESS',NULL,'Running discovery on 172.16.255.3',NULL,NULL,NULL),('256','2017-01-19 20:47:17','2886795011','a5032f6d-6c89-427c-bbbb-80a1877ed9ac','SUCCESS','026cea87-94ee-4ff4-a1c9-704ce08f574e','interfaces {\n    delete: lo0.11;\n}','lo0.11','15',NULL),('257','2017-01-19 20:48:01','2886795011','d0f2fb78-f6ef-439c-a481-df0700142f87','UNKNOWN',NULL,'Running discovery on 172.16.255.3',NULL,NULL,NULL),('258','2017-01-20 08:31:50','2886795009','8d6d3b71-1923-4ced-8e88-d4e12457c7ee','FAILURE','4f281e18-d380-4905-8adb-e2de64f67d85','interface FastEthernet1/0\n description yadda yadda\n ip address 41.181.123.1 255.255.255.0\n shut\nend','FastEthernet1/0','10',NULL),('259','2017-01-20 08:32:49','2886795009','a7e84a04-819d-4dea-9e0c-072d59d86a03','UNKNOWN','4f281e18-d380-4905-8adb-e2de64f67d85','\'Connection to device timed-out: cisco_ios 172.16.255.1:22\'','FastEthernet1/0','10',NULL),('26','2016-12-23 18:22:47','2886795009','7541e4ee-5bfd-4e39-b91d-97ecb5a8e4c7','FAILURE',NULL,NULL,NULL,NULL,NULL),('260','2017-01-20 08:34:05','2886795009','26358aef-31c6-4f5a-99c3-483ce72e2fe9','SUCCESS','4f281e18-d380-4905-8adb-e2de64f67d85','interface FastEthernet1/0\n description yadda yadda\n ip address 41.181.123.1 255.255.255.0\n shut\nend','FastEthernet1/0','10',NULL),('261','2017-01-20 10:18:13','2886795009','cfe2a3f8-f5e6-480c-88ab-0012ad0e0035','SUCCESS',NULL,'Running discovery on 172.16.255.1',NULL,NULL,NULL),('262','2017-01-20 10:20:21','2886795009','925b4b71-4c8a-45a9-97dc-76920606b7c8','SUCCESS',NULL,'Running discovery on 172.16.255.1',NULL,NULL,NULL),('263','2017-01-20 10:24:12','2886795009','17c568b9-9fb1-4ed8-95f6-32b10def9820','SUCCESS',NULL,'Running discovery on 172.16.255.1',NULL,NULL,NULL),('264','2017-01-20 11:10:43','2886795008','6059fe51-a3e7-4319-90bc-ab052ac1b15b','UNKNOWN',NULL,'\'timed out while connecting to remote host\'',NULL,NULL,NULL),('265','2017-01-20 11:10:43','2886795009','51120625-11c6-4ec2-9ef5-a2ccaba45bf5','SUCCESS',NULL,'Running discovery on 172.16.255.1',NULL,NULL,NULL),('266','2017-01-20 11:10:43','2886795010','27fe497e-4d14-49ee-aff8-49bb5ccee031','UNKNOWN',NULL,'\'timed out while connecting to remote host\'',NULL,NULL,NULL),('267','2017-01-20 11:10:43','2886795011','0dcbf285-65fa-43e5-9834-231c0f4f4d83','SUCCESS',NULL,'Running discovery on 172.16.255.3',NULL,NULL,NULL),('268','2017-01-20 11:13:41','2886795009','036af545-e655-4fbf-a3fd-03b58ea57a24','UNKNOWN','5a105c38-b2ac-4f18-b74c-f7c47cd878b3','\'Configuration merge failed; automatic rollback attempted\'',NULL,'23',NULL),('269','2017-01-20 11:13:41','2886795011','5d7e21f8-fb08-48c9-a7a9-9b29d1da3f6f','UNKNOWN','5a105c38-b2ac-4f18-b74c-f7c47cd878b3','\'error: syntax error\'',NULL,'23',NULL),('27','2016-12-23 18:29:24','2886795011','903d232c-bdbe-465b-b5f9-dcdaeb30e93c','FAILURE',NULL,NULL,NULL,NULL,NULL),('270','2017-01-20 11:18:32','2886795009','155e4fea-b03b-49d3-ab3d-d959a2bd9911','FAILURE','5a105c38-b2ac-4f18-b74c-f7c47cd878b3','foobar',NULL,'23',NULL),('271','2017-01-20 11:18:32','2886795011','0ae62123-2247-49e4-8aea-e3614c4e61b6','FAILURE','5a105c38-b2ac-4f18-b74c-f7c47cd878b3','foobar',NULL,'23',NULL),('272','2017-01-20 11:19:35','2886795009','6033dd14-a373-4187-a77a-9074bbbd28d0','UNKNOWN','5a105c38-b2ac-4f18-b74c-f7c47cd878b3','foobar\'Rollback config file does not exist\'',NULL,'23',NULL),('273','2017-01-20 11:19:35','2886795011','a73bd691-3a6c-4ec4-8d70-83e691b23f67','UNKNOWN','5a105c38-b2ac-4f18-b74c-f7c47cd878b3','foobar\'error: syntax error\'',NULL,'23',NULL),('274','2017-01-20 11:21:11','2886795009','78f61fd3-3529-4d91-bdaa-17e1deb0b71f','UNKNOWN','5a105c38-b2ac-4f18-b74c-f7c47cd878b3','foobar\'\n\n--\nConfiguration merge failed; automatic rollback attempted\'',NULL,'23',NULL),('275','2017-01-20 11:21:11','2886795011','39ec4d46-4b3d-4aef-a570-f14ff488ff84','UNKNOWN','5a105c38-b2ac-4f18-b74c-f7c47cd878b3','foobar\'\n\n--\nerror: syntax error\'',NULL,'23',NULL),('276','2017-01-20 11:22:38','2886795009','b87dadec-1679-462f-8e32-3eed2103175b','UNKNOWN','5a105c38-b2ac-4f18-b74c-f7c47cd878b3','foobar\n\n--\nConfiguration merge failed; automatic rollback attempted',NULL,'23',NULL),('276098fd-1478-4564-9ac6-ce3b6722f63d','2017-02-14 13:14:33','2886795011','bb89f60f-2c48-43ed-99b1-e18589734d8c','ACTIVE','5a105c38-b2ac-4f18-b74c-f7c47cd878b3','interfaces em1 {\n    unit 0 {\n        description \"from pete\";\n    }\n}','em1.0','19','{\"interface\": \"em1\", \"description\": \"from pete\", \"unit\": \"0\"}'),('277','2017-01-20 11:22:39','2886795011','ff4cc9a2-a52e-4f5d-a472-24ffe89d69c2','UNKNOWN','5a105c38-b2ac-4f18-b74c-f7c47cd878b3','foobar\n\n--\nerror: syntax error',NULL,'23',NULL),('278','2017-01-20 11:23:43','2886795009','456a4418-63a8-486d-8e7e-88a3c1ddd8a4','SUCCESS','026cea87-94ee-4ff4-a1c9-704ce08f574e','default interface FastEthernet1/0','FastEthernet1/0','16',NULL),('279','2017-01-20 11:24:25','2886795011','bb71311d-617e-4ad7-a4ca-389a44565f68','SUCCESS','026cea87-94ee-4ff4-a1c9-704ce08f574e','interfaces {\n    delete: em1;\n}','em1','15',NULL),('28','2016-12-24 10:19:20','2886795009','eede976d-e43f-402b-b8ab-4a8d5f8387ff','FAILURE',NULL,NULL,NULL,NULL,NULL),('280','2017-01-20 11:26:48','2886795011','7257c39b-5b23-472b-9a45-aaad7de3c712','SUCCESS',NULL,'Running discovery on 172.16.255.3',NULL,NULL,NULL),('281','2017-01-20 11:28:14','2886795009','2fdd77ed-4864-4cc1-8c11-bf8097d1a0fc','SUCCESS','76fe27fc-598c-47d9-b70b-79e8e355cee3','interface FastEthernet1/0\n description i\'m back\n ip address 41.181.1.1 255.255.255.0\n shut\nend','FastEthernet1/0','10',NULL),('282','2017-01-20 11:28:48','2886795011','9dddccc9-9552-4bb2-b3e4-23cca78eaef1','SUCCESS','73a3ab54-1d61-4d1b-a076-605f1f938173','interfaces {\n    em1 {\n        unit 0 {\n            family inet {\n                address 41.181.2.1/24;\n            }\n        }\n    }\n}','em1.0','22',NULL),('283','2017-01-20 13:58:44','2886795009','7925f4c1-997b-4306-a759-18dd71964b1d','SUCCESS',NULL,'Running discovery on 172.16.255.1',NULL,NULL,NULL),('284','2017-01-20 14:19:18','2886795011','foobar','UNKNOWN',NULL,'Running discovery on 172.16.255.3',NULL,NULL,NULL),('285','2017-01-20 14:40:22','2886795011','361bdbe8-4b6b-469d-8b64-0f06f0152183','SUCCESS',NULL,'Running discovery on 172.16.255.3',NULL,NULL,NULL),('286','2017-01-20 14:42:58','2886795011','6ae7c73d-2855-4eca-96ec-71359d5a52d5','SUCCESS',NULL,'Running discovery on 172.16.255.3',NULL,NULL,NULL),('287','2017-01-20 14:44:26','2886795009','800d1383-e33e-4095-baa6-7a0c3342a756','SUCCESS',NULL,'Running discovery on 172.16.255.1',NULL,NULL,NULL),('288','2017-01-20 14:58:24','2886795009','41f1288f-1ab4-43d4-b34c-d58b85fab281','SUCCESS',NULL,'Running discovery on 172.16.255.1',NULL,NULL,NULL),('289','2017-01-20 14:59:53','2886795009','bd9fac81-1be2-49b0-93f0-139e01451654','SUCCESS',NULL,'Running discovery on 172.16.255.1',NULL,NULL,NULL),('29','2016-12-24 10:21:45','2886795011','4b595cd0-ee95-4c5e-9399-9150f7833bc5','SUCCESS',NULL,NULL,NULL,NULL,NULL),('290','2017-01-20 15:03:27','2886795009','d422892e-d156-40d1-a22b-34ac75113d86','SUCCESS',NULL,'Running discovery on 172.16.255.1',NULL,NULL,NULL),('291','2017-01-20 15:15:59','2886795009','1f0febf6-1288-42df-9e65-40153f418282','SUCCESS',NULL,'Running discovery on 172.16.255.1',NULL,NULL,NULL),('292','2017-01-23 15:29:52','2886795009','c2562450-ec8a-46f6-a222-4883681b7d76','SUCCESS','4f281e18-d380-4905-8adb-e2de64f67d85','interface FastEthernet1/0\n description yo wazzup\n ip address 41.181.0.1 255.255.255.0\n shut\nend','FastEthernet1/0','10',NULL),('293','2017-01-23 15:35:58','2886795011','134f9399-9b97-4758-82e4-b60c7ee9e2bf','UNKNOWN','76fe27fc-598c-47d9-b70b-79e8e355cee3','interfaces {\n    em1 {\n        unit 0 {\n            family inet {\n                address 41.181.1.0/24;\n            }\n        }\n    }\n}\n\n--\nCommitError(edit_path: [edit interfaces em1 unit 0 family inet], bad_element: address 41.181.1.0/24, message: error: Cannot assign address 0 on subnet\nerror: configuration check-out failed)','em1.0','22',NULL),('294','2017-01-23 15:37:41','2886795011','823ccd4d-5c13-4122-8c43-e7306254e01b','UNKNOWN','76fe27fc-598c-47d9-b70b-79e8e355cee3','interfaces {\n    em1 {\n        unit 0 {\n            family inet {\n                address 41.181.1.1/24;\n            }\n        }\n    }\n}\n\n--\nRpcTimeoutError(host: 172.16.255.3, cmd: commit-configuration, timeout: 60)','em1.0','22',NULL),('295','2017-01-23 15:44:39','2886795011','ddce94a5-6a32-4953-99ca-24e9170e85ed','UNKNOWN','76fe27fc-598c-47d9-b70b-79e8e355cee3','interfaces {\n    replace: em1 {\n        unit 0 {\n            family inet {\n                address 41.181.1.1/24;\n            }\n        }\n    }\n}\n\n--\nRpcTimeoutError(host: 172.16.255.3, cmd: commit-configuration, timeout: 60)','em1.0','22',NULL),('296','2017-01-23 15:54:23','2886795011','ef61780a-9dea-4da6-9e19-6e32ff505011','SUCCESS',NULL,'Running discovery on 172.16.255.3',NULL,NULL,NULL),('2965c7b5-0078-4387-9fbe-269bf0abb76d','2017-02-11 08:26:27','2886795011','332934fa-edf9-406f-8b1f-6514ed4912d9','UNKNOWN','4f281e18-d380-4905-8adb-e2de64f67d85','interface em1.0 {\n    description \"didn\'t specify unit\";\n}\n\n--\nerror: syntax error\nerror: error recovery ignores input until this point','em1.0','2e223a86-e749-4e5b-aa7d-11151fbd923a','{\"interface\": \"em1.0\", \"description\": \"didn\'t specify unit\"}'),('297','2017-01-24 11:21:29','2886795009','d8aede0b-cdcb-4882-991c-3d1e19563b3c','FAILURE','026cea87-94ee-4ff4-a1c9-704ce08f574e','default interface FastEthernet1/0','FastEthernet1/0','16',NULL),('298','2017-01-24 11:31:33','2886795009','336f9ee2-c4fb-419b-95c5-78e3899b3777','SUCCESS',NULL,'Running discovery on 172.16.255.1',NULL,NULL,NULL),('299','2017-01-24 12:03:24','2886795011','082eaf02-4a96-4f97-8070-690b3ccb2ada','SUCCESS',NULL,'Running discovery on 172.16.255.3',NULL,NULL,NULL),('30','2016-12-27 11:23:30','2886795009','c095959f-a9e7-467b-bb2b-768f49aa3caa','FAILURE',NULL,NULL,NULL,NULL,NULL),('300','2017-01-24 12:07:00','2886795008','edb3bf1a-399a-4d08-a401-052e686eb667','UNKNOWN',NULL,'\'timed out while connecting to remote host\'',NULL,NULL,NULL),('301','2017-01-24 12:07:00','2886795009','d3f1fc83-fc8c-42e7-b238-57b4c1ac3ec5','SUCCESS',NULL,'Running discovery on 172.16.255.1',NULL,NULL,NULL),('3013e871-3ee8-413b-8299-a01c59f546bd','2017-02-27 11:38:37','2886795009','2487895a-e7a0-4225-af2d-b00d4621b3d7','SUCCESS',NULL,'Running discovery on 172.16.255.1',NULL,NULL,NULL),('302','2017-01-24 12:07:00','2886795010','d299deb7-db0d-4673-998f-41a161ce1dcd','UNKNOWN',NULL,'\'timed out while connecting to remote host\'',NULL,NULL,NULL),('303','2017-01-24 12:07:00','2886795011','552620a6-6a9c-45d1-a5a4-8ee0696e8b58','SUCCESS',NULL,'Running discovery on 172.16.255.3',NULL,NULL,NULL),('304','2017-01-24 12:11:18','2886795009','2b28b8ce-616b-407e-881a-2f91892051dd','SUCCESS',NULL,'Running discovery on 172.16.255.1',NULL,NULL,NULL),('305','2017-01-24 12:19:20','2886795009','3baa215e-ed6f-4fff-9660-2fec0708d51a','SUCCESS',NULL,'Running discovery on 172.16.255.1',NULL,NULL,NULL),('306','2017-01-24 18:58:23','2886795009','0edb6860-9adb-4179-819e-1b5d58b8de5b','SUCCESS',NULL,'Running discovery on 172.16.255.1',NULL,NULL,NULL),('307','2017-01-25 09:35:12','2886795009','f070aec6-cf62-43fa-a6d7-e9e9cb01eca5','FAILURE',NULL,'Running discovery on 172.16.255.1',NULL,NULL,NULL),('308','2017-01-25 09:40:57','2886795009','3b5a1319-2e55-4ee0-a661-6d8efdeef56d','FAILURE',NULL,'Running discovery on 172.16.255.1',NULL,NULL,NULL),('309','2017-01-25 09:48:12','2886795009','4b0fd2f6-c197-4de7-8bea-ef5a55601b2b','FAILURE',NULL,'Running discovery on 172.16.255.1',NULL,NULL,NULL),('31','2016-12-27 11:29:28','2886795011','102ad4ba-1ae7-4bb3-b419-e6e167b6d03c','SUCCESS',NULL,NULL,NULL,NULL,NULL),('310','2017-01-25 09:49:54','2886795009','33315544-fdc5-4584-9f53-cdc23adb42c3','FAILURE',NULL,'Running discovery on 172.16.255.1',NULL,NULL,NULL),('311','2017-01-25 09:50:27','2886795009','1169e742-5857-4472-8195-19ef2ed6b1ae','FAILURE',NULL,'Running discovery on 172.16.255.1',NULL,NULL,NULL),('312','2017-01-25 09:58:08','2886795009','c339551d-4244-47df-b261-8e599442499b','FAILURE',NULL,'Running discovery on 172.16.255.1',NULL,NULL,NULL),('313','2017-01-26 16:20:36','2886795009','foo','UNKNOWN',NULL,'Running discovery on 172.16.255.1',NULL,NULL,NULL),('314','2017-01-25 10:04:36','2886795009','76b1388f-f3f0-47ab-870a-b39a9e642606','SUCCESS',NULL,'Running discovery on 172.16.255.1',NULL,NULL,NULL),('315','2017-01-26 08:49:52','2886795011','89ea21eb-959a-4c27-b7ad-c39ff5a0a18f','FAILURE',NULL,'Running discovery on 172.16.255.3',NULL,NULL,NULL),('316','2017-01-26 08:52:29','2886795011','d198599c-9961-47a8-9853-b3d92db54155','FAILURE',NULL,'Running discovery on 172.16.255.3',NULL,NULL,NULL),('317','2017-01-26 08:53:24','2886795011','f7e1690e-9b21-4cbc-a34c-24847d0729e7','FAILURE',NULL,'Running discovery on 172.16.255.3',NULL,NULL,NULL),('318','2017-01-26 08:55:54','2886795011','027ad1ff-5579-4a78-a1e9-f984fdea84eb','SUCCESS',NULL,'Running discovery on 172.16.255.3',NULL,NULL,NULL),('319','2017-01-26 09:20:03','2886795009','6d8c3171-d8d9-4db9-9bb4-33a92aafec71','UNKNOWN',NULL,'\'timed out while connecting to remote host\'',NULL,NULL,NULL),('32','2016-12-27 11:31:03','2886795011','d176cbb0-d481-4d5f-9207-0d888553a878','FAILURE',NULL,NULL,NULL,NULL,NULL),('320','2017-01-26 09:20:50','2886795009','d21b816b-4189-402a-9ca7-ef42a46c6a12','SUCCESS',NULL,'Running discovery on 172.16.255.1',NULL,NULL,NULL),('321','2017-01-26 10:24:47','2886795009','96c3f76c-97cc-426d-bf72-959b48f5b1cc','SUCCESS',NULL,'Running discovery on 172.16.255.1',NULL,NULL,NULL),('322','2017-01-26 10:28:29','2886795009','0eac16a2-9eca-438b-96f5-fa5df142d903','SUCCESS',NULL,'Running discovery on 172.16.255.1',NULL,NULL,NULL),('323','2017-01-26 16:37:43','2886795011','ed4916dc-ea88-4daa-83b5-0974345f1bfe','SUCCESS',NULL,'Running discovery on 172.16.255.3',NULL,NULL,NULL),('324','2017-01-26 16:41:05','2886795009','3f7f736f-bb68-43e3-8de0-1df66defe64a','UNKNOWN',NULL,'\'timed out while connecting to remote host\'',NULL,NULL,NULL),('325','2017-01-26 16:41:18','2886795009','aea25f28-effa-49f1-9072-e6428cfec9ef','SUCCESS',NULL,'Running discovery on 172.16.255.1',NULL,NULL,NULL),('326','2017-01-26 16:42:00','2886795011','e618e73a-0a8c-4baa-b4cb-bc2fd558e0d0','SUCCESS',NULL,'Running discovery on 172.16.255.3',NULL,NULL,NULL),('327','2017-01-26 16:47:12','2886795011','9369588f-22f3-4c46-9564-6ae30f8ec1bc','UNKNOWN','4f281e18-d380-4905-8adb-e2de64f67d85','interfaces {\n    lo0 {\n        unit 11 {\n            family inet {\n                address 196.7.8.8/32;\n            }\n        }\n    }\n}\n\n--\nRpcTimeoutError(host: 172.16.255.3, cmd: commit-configuration, timeout: 60)','lo0.11','22',NULL),('328','2017-01-26 16:49:29','2886795011','51224ace-52d5-4979-9b2b-c1f3604e488e','SUCCESS',NULL,'Running discovery on 172.16.255.3',NULL,NULL,NULL),('329','2017-01-27 08:38:02','2886795011','29f69466-bc68-4f6e-8bdf-6287f54030ef','FAILURE','026cea87-94ee-4ff4-a1c9-704ce08f574e','interfaces {\n    delete: lo0.11;\n}','lo0.11','15',NULL),('33','2016-12-27 11:38:41','2886795011','8d2975da-4e14-4cad-b035-a6cbe782aad7','FAILURE',NULL,NULL,NULL,NULL,NULL),('330','2017-01-27 08:38:39','2886795011','9dd8c1a7-538e-426e-abd6-bc52311b9527','UNKNOWN','026cea87-94ee-4ff4-a1c9-704ce08f574e','interfaces {\n    delete: lo0.11;\n}\n\n--\nConnectError(host: 172.16.255.3, msg: Negotiation failed)','lo0.11','15',NULL),('331','2017-01-27 08:39:33','2886795011','257d675a-965d-478c-ad92-a7fdd8d3ee5d','UNKNOWN','026cea87-94ee-4ff4-a1c9-704ce08f574e','interfaces {\n    delete: lo0.11;\n}\n\n--\nRpcTimeoutError(host: 172.16.255.3, cmd: commit-configuration, timeout: 60)','lo0.11','15',NULL),('332','2017-01-27 11:57:02','2886795011','6fff0192-1421-465a-94fd-943e0c482fbd','SUCCESS',NULL,'Running discovery on 172.16.255.3',NULL,NULL,NULL),('333','2017-01-27 12:02:38','2886795009','f7f3de16-2d1b-4d44-975e-729ef2656fc0','UNKNOWN',NULL,'\'timed out while connecting to remote host\'',NULL,NULL,NULL),('334','2017-01-27 14:05:02','2886795009','f8e5dd90-e99f-4406-824a-ed6e3a9f0b0c','UNKNOWN',NULL,'Running discovery on 172.16.255.1',NULL,NULL,NULL),('335','2017-01-27 15:48:13','2886795009','140ec805-9cc8-4396-b472-5edba0eb7c69','FAILURE',NULL,'Running discovery on 172.16.255.1',NULL,NULL,NULL),('336','2017-01-28 15:51:56','2886795009','7081f3a7-6543-49d2-865c-40f7b935822c','FAILURE','5a105c38-b2ac-4f18-b74c-f7c47cd878b3','interface FastEthernet1/0\n description trying with act/deact\n ip address 41.181.0.1 255.255.255.0\n shut\nend','FastEthernet1/0','10','{\"interface\": \"FastEthernet1/0\", \"mask\": \"255.255.255.0\", \"description\": \"trying with act/deact\", \"ipv4\": \"41.181.0.1\"}'),('337','2017-01-28 15:52:44','2886795009','36e544d3-1771-4788-8c74-3df83b9bc344','INACTIVE','5a105c38-b2ac-4f18-b74c-f7c47cd878b3','interface FastEthernet1/0\n description trying with act/deact\n ip address 41.181.0.1 255.255.255.0\n shut\nend\n\n--\ndefault interface FastEthernet1/0','FastEthernet1/0','10','{\"interface\": \"FastEthernet1/0\", \"mask\": \"255.255.255.0\", \"description\": \"trying with act/deact\", \"ipv4\": \"41.181.0.1\"}'),('338','2017-01-29 11:43:39','2886795009','9280452f-218e-4199-9306-89ec24daff24','INACTIVE','5a105c38-b2ac-4f18-b74c-f7c47cd878b3','interface FastEthernet1/0\n description wazzup\n ip address 41.181.0.1 255.255.255.0\n shut\nendinterface FastEthernet1/0\n no shut\nend\n\n--\ndefault interface FastEthernet1/0\n\n--\ninterface FastEthernet1/0\n no shut\nend\n\n--\ndefault interface FastEthernet1/0','FastEthernet1/0','10','{\"interface\": \"FastEthernet1/0\", \"mask\": \"255.255.255.0\", \"description\": \"wazzup\", \"ipv4\": \"41.181.0.1\"}'),('339','2017-01-30 11:54:45','2886795011','55acff8e-48ca-49fe-ae0c-cca308b829b2','INACTIVE','4f281e18-d380-4905-8adb-e2de64f67d85','interfaces {\n        em0 {\n            unit 0 {\n                description \"wazzuuuup\";\n            }\n        }\n}\n\n--\ninterfaces {\n        em0 {\n            unit 0 {\n                delete: description;\n            }\n        }\n}','em0.0','14','{\"interface\": \"em0\", \"description\": \"wazzuuuup\"}'),('34','2016-12-27 11:38:41','2886795011','f6b429ed-f4ef-4b99-9847-3796193966d0','FAILURE',NULL,NULL,NULL,NULL,NULL),('340','2017-01-30 12:28:34','2886795011','5ca8025d-d545-4997-a499-266164d4bc9d','INACTIVE','4f281e18-d380-4905-8adb-e2de64f67d85','interfaces {\n    em1 {\n        unit 0 {\n            family inet {\n                inactive: address 41.181.1.1/24;\n            }\n        }\n    }\n}\n\n--\ninterfaces {\n    em1 {\n        unit 0 {\n            family inet {\n                active: address 41.181.1.1/24;\n            }\n        }\n    }\n}\n\n--\ninterfaces {\n    em1 {\n        unit 0 {\n            family inet {\n                delete: address 41.181.1.1/24;\n            }\n        }\n    }\n}','em1.0','22','{\"interface\": \"em1\", \"ipv4\": \"41.181.1.1/24\", \"unit\": \"0\"}'),('341','2017-01-30 12:33:36','2886795009','16811661-4232-4dcc-8129-6c14135e1238','INACTIVE','76fe27fc-598c-47d9-b70b-79e8e355cee3','interface FastEthernet1/0\n description wazzuuup\n ip address 41.181.1.1 255.255.255.0\n shut\nend\n\n--\ninterface FastEthernet1/0\n no shut\nend\n\n--\ndefault interface FastEthernet1/0','FastEthernet1/0','10','{\"interface\": \"FastEthernet1/0\", \"mask\": \"255.255.255.0\", \"description\": \"wazzuuup\", \"ipv4\": \"41.181.1.1\"}'),('342','2017-01-30 12:34:39','2886795011','df99fb5e-3499-4b8d-a781-9b400df123bf','INACTIVE','76fe27fc-598c-47d9-b70b-79e8e355cee3','interfaces em1 {\n    unit 0 {\n        description \"howdy mother\";\n    }\n}\n\n--\nerror: syntax error\n\n--\nLockError(severity: error, bad_element: None, message: configuration database locked by:\n  dave terminal  (pid 13673) on since 2017-01-23 13:14:06 UTC\n      exclusive)\n\n--\ninterfaces em1 {\n    unit 0 {\n        delete: description;\n    }\n}','em1','19','{\"interface\": \"em1\", \"description\": \"howdy mother\", \"unit\": \"0\"}'),('343','2017-01-30 13:41:55','2886795011','adaaa8fb-2d3e-45a0-8aba-1975ef3d1ffa','UNKNOWN','4f281e18-d380-4905-8adb-e2de64f67d85','interfaces em1 {\n    unit 0 {\n        description \"123123\";\n    }\n}\n\n--\ninterfaces em1 {\n    unit 0 {\n        delete: description;\n    }\n}\n\n--\nwarning: statement not found: description','em1','19','{\"interface\": \"em1\", \"description\": \"123123\", \"unit\": \"0\"}'),('344','2017-01-30 13:46:56','2886795011','92691b93-bc22-493b-ac0b-4c63f7154e33','INACTIVE','4f281e18-d380-4905-8adb-e2de64f67d85','interfaces em1 {\n    unit 0 {\n        description \"123\";\n    }\n}\n\n--\nLockError(severity: error, bad_element: None, message: configuration database modified)\n\n--\ninterfaces em1 {\n    unit 0 {\n        delete: description;\n    }\n}','em1','19','{\"interface\": \"em1\", \"description\": \"123\", \"unit\": \"0\"}'),('345','2017-01-31 08:04:53','2886795009','d8ec18fc-27b7-4542-b18b-d0a93600f41d','UNKNOWN',NULL,'\'timed out while connecting to remote host\'',NULL,NULL,NULL),('346','2017-01-31 08:08:09','2886795009','11663ec7-e565-4e0e-8805-c70b773c407b','SUCCESS',NULL,'Running discovery on 172.16.255.1',NULL,NULL,NULL),('347','2017-01-31 09:13:34','2886795009','33221fe6-c286-4a5a-8d6b-467b9f8be89a','SUCCESS',NULL,'Running discovery on 172.16.255.1',NULL,NULL,NULL),('348','2017-01-31 09:16:35','2886795009','fdd7076d-b999-4896-ad66-3600b31671a5','INACTIVE','4f281e18-d380-4905-8adb-e2de64f67d85','interface FastEthernet1/0\n description wazzup\n ip address 192.0.2.1 255.255.255.0\n shut\nend\n\n--\ninterface FastEthernet1/0\n no shut\nend\n\n--\ndefault interface FastEthernet1/0','FastEthernet1/0','10','{\"interface\": \"FastEthernet1/0\", \"mask\": \"255.255.255.0\", \"description\": \"wazzup\", \"ipv4\": \"192.0.2.1\"}'),('349','2017-01-31 09:24:52','2886795008','21d69d70-1078-46ec-8410-98ee93c2f684','UNKNOWN',NULL,'\'timed out while connecting to remote host\'',NULL,NULL,NULL),('35','2016-12-27 12:02:22','2886795011','da0f99b3-91c1-42ba-b5e1-b17dcbce3cdd','SUCCESS',NULL,NULL,NULL,NULL,NULL),('350','2017-01-31 09:24:52','2886795009','7f372d2b-836f-4d20-aab1-04387f109a04','SUCCESS',NULL,'Running discovery on 172.16.255.1',NULL,NULL,NULL),('351','2017-01-31 09:24:53','2886795010','290186eb-e4e5-40d0-835f-5d691782e472','UNKNOWN',NULL,'\'timed out while connecting to remote host\'',NULL,NULL,NULL),('352','2017-01-31 09:24:53','2886795011','61fed291-9aa7-454f-a1f7-464665f4f154','SUCCESS',NULL,'Running discovery on 172.16.255.3',NULL,NULL,NULL),('353','2017-01-31 10:03:11','2886795009','6633f1d2-eedb-4aaa-a4e7-2c550da7c625','INACTIVE','4f281e18-d380-4905-8adb-e2de64f67d85','interface FastEthernet1/0\n description wazzup dudes\n ip address 192.0.2.1 255.255.255.0\n shut\nend\n\n--\ninterface FastEthernet1/0\n no shut\nend\n\n--\ndefault interface FastEthernet1/0','FastEthernet1/0','10','{\"interface\": \"FastEthernet1/0\", \"mask\": \"255.255.255.0\", \"description\": \"wazzup dudes\", \"ipv4\": \"192.0.2.1\"}'),('354','2017-01-31 10:10:09','2886795008','b60e5487-ac97-4110-91fe-2eed6a59cee1','UNKNOWN',NULL,'\'timed out while connecting to remote host\'',NULL,NULL,NULL),('355','2017-01-31 10:10:09','2886795009','3d4ce8d3-e63e-49b6-863a-19b88be3c5be','SUCCESS',NULL,'Running discovery on 172.16.255.1',NULL,NULL,NULL),('356','2017-01-31 10:10:09','2886795010','eec28485-d471-4d62-98ab-191e4bdc392d','UNKNOWN',NULL,'\'timed out while connecting to remote host\'',NULL,NULL,NULL),('357','2017-01-31 10:10:09','2886795011','ff1942d0-f582-48c4-b44e-e69f30c4f1fb','SUCCESS',NULL,'Running discovery on 172.16.255.3',NULL,NULL,NULL),('358','2017-01-31 10:16:59','2886795011','fd1e6b3b-d741-45ed-8347-df8e69ba259f','SUCCESS',NULL,'Running discovery on 172.16.255.3',NULL,NULL,NULL),('359','2017-01-31 10:20:54','2886795011','23e11c73-8319-40c6-a157-10fd32bcf4b4','SUCCESS','76fe27fc-598c-47d9-b70b-79e8e355cee3','interfaces em1 {\n    unit 0 {\n        description \"yo yo wazzup\";\n    }\n}','em1.0','19','{\"interface\": \"em1\", \"description\": \"yo yo wazzup\", \"unit\": \"0\"}'),('36','2016-12-27 12:21:02','2886795009','b72c5999-3018-44ef-9c5e-6918361ee09b','FAILURE',NULL,NULL,NULL,NULL,NULL),('360','2017-01-31 13:32:54','2886795011','57db4d25-5778-4f3c-8819-b0fb75d3fb18','UNKNOWN','4f281e18-d380-4905-8adb-e2de64f67d85','interfaces em1 {\n    unit 0 {\n        description \"wazzup dudes\";\n    }\n}\n\n--\nwarning: statement not found: description\n\n--\nwarning: statement not found: description','em1.0','19','{\"interface\": \"em1\", \"description\": \"wazzup dudes\", \"unit\": \"0\"}'),('361','2017-01-31 13:34:13','2886795011','c20e2406-2a38-4177-a516-51c1169eb5e0','INACTIVE','4f281e18-d380-4905-8adb-e2de64f67d85','interfaces em1 {\n    unit 0 {\n        description \"wazzup dudes\";\n    }\n}\n\n--\ninterfaces em1 {\n    unit 0 {\n        delete: description;\n    }\n}','em1.0','19','{\"interface\": \"em1\", \"description\": \"wazzup dudes\", \"unit\": \"0\"}'),('362','2017-01-31 13:35:25','2886795011','d1bfc6cf-a073-48cc-9a58-61ed6a6ff35c','SUCCESS',NULL,'Running discovery on 172.16.255.3',NULL,NULL,NULL),('363','2017-02-01 08:00:45','2886795009','3de22f1f-9de8-465c-8aa0-9086368480f1','SUCCESS',NULL,'Running discovery on 172.16.255.1',NULL,NULL,NULL),('364','2017-02-01 09:12:31','2886795009','da623985-da3f-4223-bb3b-06ea22476cd8','UNKNOWN','4f281e18-d380-4905-8adb-e2de64f67d85','interface FastEthernet1/0\n description yo wazzup\n ip address 192.0.2.1 255.255.2555.0\n shut\nend\n\n--\nConfiguration merge failed; automatic rollback attempted','FastEthernet1/0','10','{\"interface\": \"FastEthernet1/0\", \"mask\": \"255.255.2555.0\", \"description\": \"yo wazzup\", \"ipv4\": \"192.0.2.1\"}'),('365','2017-02-01 09:15:27','2886795009','71b54720-3455-4285-8f5d-91f9364b46bc','INACTIVE','4f281e18-d380-4905-8adb-e2de64f67d85','interface FastEthernet1/0\n description hello\n ip address 192.0.2.1 255.255.255.0\n shut\nend\n\n--\ninterface FastEthernet1/0\n no shut\nend\n\n--\ndefault interface FastEthernet1/0','FastEthernet1/0','10','{\"interface\": \"FastEthernet1/0\", \"mask\": \"255.255.255.0\", \"description\": \"hello\", \"ipv4\": \"192.0.2.1\"}'),('366','2017-02-01 09:19:15','2886795009','a66048d6-cc32-4672-8225-8ebf0af6c5bc','SUCCESS',NULL,'Running discovery on 172.16.255.1',NULL,NULL,NULL),('367','2017-02-01 09:27:36','2886795009','da84e3d0-164b-4c91-ae7d-fd926d3d6e68','SUCCESS',NULL,'Running discovery on 172.16.255.1',NULL,NULL,NULL),('368','2017-02-02 10:09:49','2886795009','331e73b3-bb51-426c-9b53-ba0804eb6a89','INACTIVE','4f281e18-d380-4905-8adb-e2de64f67d85','interface FastEthernet1/0\n description This is TEStt customer 1\'s uncapped internet\n ip address 192.0.2.1 255.255.255.0\n shut\nend\n\n--\ninterface FastEthernet1/0\n no shut\nend\n\n--\ndefault interface FastEthernet1/0','FastEthernet1/0','10','{\"interface\": \"FastEthernet1/0\", \"mask\": \"255.255.255.0\", \"description\": \"This is TEStt customer 1\'s uncapped internet\", \"ipv4\": \"192.0.2.1\"}'),('369','2017-02-02 10:22:16','2886795011','40f0a399-3100-494a-827d-8a3731e928cd','UNKNOWN','76fe27fc-598c-47d9-b70b-79e8e355cee3','interfaces {\n        em1 {\n            unit 0 {\n                description \"hello\";\n            }\n        }\n}\n\n--\nRpcTimeoutError(host: 172.16.255.3, cmd: commit-configuration, timeout: 60)','em1.0','14','{\"interface\": \"em1\", \"description\": \"hello\"}'),('37','2016-12-27 12:25:46','2886795009','6f811220-72eb-4375-9acc-9831be9d4310','FAILURE',NULL,NULL,NULL,NULL,NULL),('370','2017-02-02 11:04:50','2886795009','4cb51804-0242-4566-bf26-74b89939fe79','UNKNOWN','4f281e18-d380-4905-8adb-e2de64f67d85','interface FastEthernet1/0\n description poes\n ip address 192.0.2.1 255.255.255.0\n shut\nend\n\n--\ninterface FastEthernet1/0\n no shut\nend\n\n--\nConnection to device timed-out: cisco_ios 172.16.255.1:22','FastEthernet1/0','10','{\"interface\": \"FastEthernet1/0\", \"mask\": \"255.255.255.0\", \"description\": \"poes\", \"ipv4\": \"192.0.2.1\"}'),('371','2017-02-03 07:44:36','2886795009','a66cc411-7fcb-44f1-812b-682d11e26fe0','SUCCESS',NULL,'Running discovery on 172.16.255.1',NULL,NULL,NULL),('372','2017-02-03 07:45:02','2886795011','b863bd03-3487-40bc-bddc-26d8b77d9070','UNKNOWN',NULL,'\'timed out while connecting to remote host\'',NULL,NULL,NULL),('373','2017-02-05 13:00:27','2886795009','bc004354-fd6e-4dc5-92a2-f696434fef35','SUCCESS',NULL,'Running discovery on 172.16.255.1',NULL,NULL,NULL),('374','2017-02-06 08:29:44','2886795009','5a1edd30-ed33-42c6-9fdf-d97fb990a3de','SUCCESS',NULL,'Running discovery on 172.16.255.1',NULL,NULL,NULL),('375','2017-02-06 09:04:31','2886795009','c4bc09ee-f3bf-4ee8-9433-04fc6480e489','SUCCESS',NULL,'Running discovery on 172.16.255.1',NULL,NULL,NULL),('376','2017-02-06 09:07:33','2886795009','376670f8-f2b1-4683-92db-65472c8b8959','INACTIVE','4f281e18-d380-4905-8adb-e2de64f67d85','interface FastEthernet1/0\n description hello Graham\n ip address 192.0.2.1 255.255.255.0\n shut\nend\n\n--\ninterface FastEthernet1/0\n no shut\nend\n\n--\ndefault interface FastEthernet1/0','FastEthernet1/0','10','{\"interface\": \"FastEthernet1/0\", \"mask\": \"255.255.255.0\", \"description\": \"hello Graham\", \"ipv4\": \"192.0.2.1\"}'),('377','2017-02-06 09:17:08','2886795009','143f93af-bccc-4dcd-8db7-3a0ea68a2ff4','SUCCESS',NULL,'Running discovery on 172.16.255.1',NULL,NULL,NULL),('378','2017-02-06 10:41:46','2886795009','efc39f4a-24f2-4827-a86a-72b54bd5b3f7','INACTIVE','5a105c38-b2ac-4f18-b74c-f7c47cd878b3','interface FastEthernet1/0\n description 123\n ip address 192.0.2.1 255.255.255.0\n shut\nend\n\n--\ninterface FastEthernet1/0\n no shut\nend\n\n--\ndefault interface FastEthernet1/0','FastEthernet1/0','10','{\"interface\": \"FastEthernet1/0\", \"mask\": \"255.255.255.0\", \"description\": \"123\", \"ipv4\": \"192.0.2.1\"}'),('379','2017-02-06 12:26:26','2886795008','3d699d71-e6e5-4413-8390-047407e702b6','UNKNOWN',NULL,'\'timed out while connecting to remote host\'',NULL,NULL,NULL),('38','2016-12-27 17:57:38','2886795009','3044e79b-c451-4363-b0be-a3a0dd2773e0','FAILURE',NULL,NULL,NULL,NULL,NULL),('380','2017-02-06 12:26:26','2886795009','29781893-7936-41d4-ab73-9d84dfb05df5','SUCCESS',NULL,'Running discovery on 172.16.255.1',NULL,NULL,NULL),('381','2017-02-06 12:26:27','2886795010','a1b0411f-db36-4b11-a06c-c838e10480fa','UNKNOWN',NULL,'\'timed out while connecting to remote host\'',NULL,NULL,NULL),('382','2017-02-06 12:26:27','2886795011','99c8c931-c402-4152-adff-ed53ffda8f27','SUCCESS',NULL,'Running discovery on 172.16.255.3',NULL,NULL,NULL),('383','2017-02-06 12:31:13','2886795008','d9351bef-e00d-48a5-b2b6-e8ed0e09e3c8','UNKNOWN',NULL,'\'timed out while connecting to remote host\'',NULL,NULL,NULL),('384','2017-02-06 12:31:13','2886795009','5c4f5203-4257-4ccf-bffd-3fa3ce7600f0','SUCCESS',NULL,'Running discovery on 172.16.255.1',NULL,NULL,NULL),('385','2017-02-06 12:31:13','2886795010','96c7b635-b4f3-4819-bd8b-ac90668c7402','UNKNOWN',NULL,'\'timed out while connecting to remote host\'',NULL,NULL,NULL),('386','2017-02-06 12:31:13','2886795011','0d1cde63-6e36-451d-8b1b-ae44a631467e','SUCCESS',NULL,'Running discovery on 172.16.255.3',NULL,NULL,NULL),('387','2017-02-06 12:33:14','2886795009','e69ff663-39e4-4bb0-9348-8f357a42fe73','SUCCESS',NULL,'Running discovery on 172.16.255.1',NULL,NULL,NULL),('388','2017-02-06 12:33:14','2886795010','7574e900-af33-4ccd-9dd1-2acd86fc4fb2','UNKNOWN',NULL,'\'timed out while connecting to remote host\'',NULL,NULL,NULL),('389','2017-02-06 12:36:16','2886795008','5283e976-0439-4f69-9ad1-8bcbfcb49b0c','UNKNOWN',NULL,'\'timed out while connecting to remote host\'',NULL,NULL,NULL),('39','2016-12-27 20:31:28','2886795009','71623ca0-c22e-4cbb-8ba9-12cd86fe3742','FAILURE',NULL,NULL,NULL,NULL,NULL),('390','2017-02-06 12:36:17','2886795009','c1623511-21d1-4094-b85f-40bef2ca4381','SUCCESS',NULL,'Running discovery on 172.16.255.1',NULL,NULL,NULL),('391','2017-02-06 12:36:17','2886795010','bb0212c9-c526-4fd9-a9de-c61744450c95','UNKNOWN',NULL,'\'timed out while connecting to remote host\'',NULL,NULL,NULL),('392','2017-02-06 12:36:17','2886795011','8365e5f6-87e5-46a4-97f1-3f38c3f42c6b','SUCCESS',NULL,'Running discovery on 172.16.255.3',NULL,NULL,NULL),('393','2017-02-06 12:37:25','2886795011','4ba04a5d-d54b-49de-ade5-fd3e7697180a','SUCCESS',NULL,'Running discovery on 172.16.255.3',NULL,NULL,NULL),('394','2017-02-06 13:53:02','2886795009','7e0619f5-ff8b-4bc4-9da6-2fba414ee8b8','SUCCESS',NULL,'Running discovery on 172.16.255.1',NULL,NULL,NULL),('395','2017-02-06 13:56:23','2886795008','186801fb-4233-406b-a882-457131da55bf','UNKNOWN',NULL,'\'timed out while connecting to remote host\'',NULL,NULL,NULL),('396','2017-02-06 13:56:24','2886795009','6e3db5ec-cb6e-4278-bad2-fa38a0fd2221','SUCCESS',NULL,'Running discovery on 172.16.255.1',NULL,NULL,NULL),('397','2017-02-06 13:56:24','2886795010','c631c3b8-980e-4c3e-bc5e-31b64397c68f','UNKNOWN',NULL,'\'timed out while connecting to remote host\'',NULL,NULL,NULL),('398','2017-02-06 13:56:24','2886795011','a22c83f2-2b63-4f86-94f3-f85da3367edd','SUCCESS',NULL,'Running discovery on 172.16.255.3',NULL,NULL,NULL),('399','2017-02-06 13:58:35','2886795008','9d081bcf-1d3d-4d5b-9388-f35332ed77c7','UNKNOWN',NULL,'\'timed out while connecting to remote host\'',NULL,NULL,NULL),('3e56c47e-47a1-489c-83b6-c40420c69d9f','2017-02-14 13:03:01','2886795009','eda9ac80-6468-4ec4-942c-6c766cfcf494','SUCCESS','5a105c38-b2ac-4f18-b74c-f7c47cd878b3','interface FastEthernet1/0\n  description celery daemon','FastEthernet1/0','31','{\"interface\": \"FastEthernet1/0\", \"description\": \"celery daemon\"}'),('40','2016-12-27 20:31:28','2886795011','066c5737-983b-4a6b-87a7-f8fc498b2500','FAILURE',NULL,NULL,NULL,NULL,NULL),('400','2017-02-06 13:58:35','2886795009','cc3431ac-113e-4b75-8d43-c3f42081020e','SUCCESS',NULL,'Running discovery on 172.16.255.1',NULL,NULL,NULL),('401','2017-02-06 13:58:36','2886795010','4a936738-6ab2-40ab-a3f0-73b544ad94bf','UNKNOWN',NULL,'\'timed out while connecting to remote host\'',NULL,NULL,NULL),('402','2017-02-06 13:58:36','2886795011','bdf5aa80-8922-4701-b84b-43ddcdddc396','SUCCESS',NULL,'Running discovery on 172.16.255.3',NULL,NULL,NULL),('403','2017-02-06 14:00:26','2886795008','4717a6ad-bdc7-449c-8284-51350b3f8eaf','UNKNOWN',NULL,'\'timed out while connecting to remote host\'',NULL,NULL,NULL),('404','2017-02-06 14:00:26','2886795009','2b69cd74-f86b-43fc-b975-052f2e47d64a','SUCCESS',NULL,'Running discovery on 172.16.255.1',NULL,NULL,NULL),('405','2017-02-06 14:00:26','2886795010','a1cefdb0-fe78-4597-807f-ebd3dcf5f28e','UNKNOWN',NULL,'\'timed out while connecting to remote host\'',NULL,NULL,NULL),('406','2017-02-06 14:00:26','2886795011','04aea6d1-7c30-4e12-8410-5b02a08ceece','SUCCESS',NULL,'Running discovery on 172.16.255.3',NULL,NULL,NULL),('407','2017-02-06 14:11:31','2886795009','1cd6ee85-b31a-4ad0-8318-e79288997ed7','UNKNOWN','026cea87-94ee-4ff4-a1c9-704ce08f574e','foobar\n\n--\nConfiguration merge failed; automatic rollback attempted',NULL,'23','{\"\": \"\"}'),('408','2017-02-06 14:11:31','2886795011','22f07023-8ae2-4a44-b172-ffb1b9cc6c94','UNKNOWN','026cea87-94ee-4ff4-a1c9-704ce08f574e','foobar\n\n--\nerror: syntax error',NULL,'23','{\"\": \"\"}'),('409','2017-02-06 14:33:05','2886795008','481f8e27-c85e-4347-8be3-e9f7a04e64cd','UNKNOWN',NULL,'\'timed out while connecting to remote host\'',NULL,NULL,NULL),('41','2016-12-27 20:35:03','2886795009','7344e052-263b-42ca-8af1-1e731113331e','FAILURE',NULL,NULL,NULL,NULL,NULL),('410','2017-02-06 14:33:05','2886795009','62efa25b-d1f0-4677-aa44-2cb45ee34d83','SUCCESS',NULL,'Running discovery on 172.16.255.1',NULL,NULL,NULL),('411','2017-02-06 14:33:05','2886795010','f906f51b-1b0b-481b-b49b-7224e388b426','UNKNOWN',NULL,'\'timed out while connecting to remote host\'',NULL,NULL,NULL),('412','2017-02-06 14:33:05','2886795011','6d2049d8-2271-4ebf-a92b-714366b7f699','SUCCESS',NULL,'Running discovery on 172.16.255.3',NULL,NULL,NULL),('413','2017-02-06 15:05:27','2886795008','a0790e61-6e3e-412a-bf88-d01a60ecc22e','UNKNOWN',NULL,'\'timed out while connecting to remote host\'',NULL,NULL,NULL),('414','2017-02-06 15:05:27','2886795009','cb8c7a4a-69ed-4dc3-a534-26fdc5594506','SUCCESS',NULL,'Running discovery on 172.16.255.1',NULL,NULL,NULL),('415','2017-02-06 15:05:27','2886795010','a1fd1744-68e1-4243-900a-3f20d906d29c','UNKNOWN',NULL,'\'timed out while connecting to remote host\'',NULL,NULL,NULL),('416','2017-02-06 15:05:27','2886795011','5dae126e-414e-4cef-ad5b-51a28441ba92','SUCCESS',NULL,'Running discovery on 172.16.255.3',NULL,NULL,NULL),('417','2017-02-06 15:07:18','2886795008','a1df60d7-5428-40b2-918a-17eeea8e01cb','UNKNOWN',NULL,'\'timed out while connecting to remote host\'',NULL,NULL,NULL),('418','2017-02-06 15:07:18','2886795009','1ae4c259-e12c-4b69-b310-010f47a6260c','SUCCESS',NULL,'Running discovery on 172.16.255.1',NULL,NULL,NULL),('419','2017-02-06 15:07:18','2886795010','0a6895a4-3cb6-4e86-89a5-0bbcde2e979b','UNKNOWN',NULL,'\'timed out while connecting to remote host\'',NULL,NULL,NULL),('42','2016-12-27 20:35:03','2886795011','486a0633-0724-4696-8dcb-c5a4d1075be0','SUCCESS',NULL,NULL,NULL,NULL,NULL),('420','2017-02-06 15:07:18','2886795011','64109c6b-b9f5-41c6-856d-c16db7962c5d','SUCCESS',NULL,'Running discovery on 172.16.255.3',NULL,NULL,NULL),('421','2017-02-06 15:10:31','2886795008','42e4923e-b0ba-4923-88b9-d5d585f7e826','UNKNOWN',NULL,'\'timed out while connecting to remote host\'',NULL,NULL,NULL),('422','2017-02-06 15:10:31','2886795009','1893893f-3ba1-414f-8118-b515cc62fad6','SUCCESS',NULL,'Running discovery on 172.16.255.1',NULL,NULL,NULL),('423','2017-02-06 15:10:31','2886795010','6dc2d551-335f-4c4f-bd22-78e83bcaaffa','UNKNOWN',NULL,'\'timed out while connecting to remote host\'',NULL,NULL,NULL),('424','2017-02-06 15:10:31','2886795011','47ba8cbf-7ebc-4ab6-839a-65bc368e7051','SUCCESS',NULL,'Running discovery on 172.16.255.3',NULL,NULL,NULL),('425','2017-02-06 15:15:16','2886795008','06276795-c338-4bcf-ad25-c06c36a9ca5e','UNKNOWN',NULL,'\'timed out while connecting to remote host\'',NULL,NULL,NULL),('426','2017-02-06 15:15:17','2886795009','7dd65589-0a58-418d-9511-22818dc0c38d','SUCCESS',NULL,'Running discovery on 172.16.255.1',NULL,NULL,NULL),('427','2017-02-06 15:15:17','2886795010','b83759b7-7ef5-4ae1-915d-ff61a7ff7e14','UNKNOWN',NULL,'\'timed out while connecting to remote host\'',NULL,NULL,NULL),('428','2017-02-06 15:15:17','2886795011','f6575b41-f1b4-4d1e-aed0-0b60e460bed5','SUCCESS',NULL,'Running discovery on 172.16.255.3',NULL,NULL,NULL),('429','2017-02-06 15:17:05','2886795008','bea1f99c-5c2a-4330-a422-e61215fca0af','UNKNOWN',NULL,'\'timed out while connecting to remote host\'',NULL,NULL,NULL),('42906169-a69f-4d35-b1ae-24a5054efb90','2017-02-14 13:10:21','2886795009','foobar','UNKNOWN','5a105c38-b2ac-4f18-b74c-f7c47cd878b3','interface FastEthernet1/0\n  description celery daemon','FastEthernet1/0','31','{\"interface\": \"FastEthernet1/0\", \"description\": \"celery daemon\"}'),('43','2016-12-28 16:11:21','2886795009','d43214ae-eee9-412b-89d7-9baef59f4d17','FAILURE',NULL,NULL,NULL,NULL,NULL),('430','2017-02-06 15:17:05','2886795009','2d967c18-89dd-4915-9c1e-2a8c81824f11','SUCCESS',NULL,'Running discovery on 172.16.255.1',NULL,NULL,NULL),('431','2017-02-06 15:17:05','2886795010','07789ebe-f2b5-4543-8780-4889a3c3955f','UNKNOWN',NULL,'\'timed out while connecting to remote host\'',NULL,NULL,NULL),('432','2017-02-06 15:17:06','2886795011','1ff98b96-e1fb-4dcc-b76d-f474f59790b1','SUCCESS',NULL,'Running discovery on 172.16.255.3',NULL,NULL,NULL),('433','2017-02-06 15:19:34','2886795009','f14e97ee-757c-45cb-ba01-99c4bf52c910','SUCCESS',NULL,'Running discovery on 172.16.255.1',NULL,NULL,NULL),('434','2017-02-06 15:38:03','2886795009','166133f0-8359-4524-b6bf-9ce059458482','SUCCESS',NULL,'Running discovery on 172.16.255.1',NULL,NULL,NULL),('435','2017-02-06 17:03:27','2886795009','0c5e9c0a-9700-4d66-b9a0-51205f1afbfb','SUCCESS',NULL,'Running discovery on 172.16.255.1',NULL,NULL,NULL),('436','2017-02-06 17:04:55','2886795009','ee247a12-d1fc-4e80-b9c6-8402df883c38','SUCCESS',NULL,'Running discovery on 172.16.255.1',NULL,NULL,NULL),('437','2017-02-06 17:17:12','2886795009','b376f68f-aa51-44e8-8aa2-7cf7c17c9d00','SUCCESS',NULL,'Running discovery on 172.16.255.1',NULL,NULL,NULL),('438','2017-02-06 17:21:13','2886795009','e20e230e-8633-430b-8bbf-7b334607078e','SUCCESS',NULL,'Running discovery on 172.16.255.1',NULL,NULL,NULL),('439','2017-02-06 17:22:04','2886795008','0d287bbb-98c5-4ee5-ab10-67b46f9bbc4e','UNKNOWN',NULL,'\'timed out while connecting to remote host\'',NULL,NULL,NULL),('44','2016-12-28 16:12:27','2886795009','f6b2ad32-99af-4df2-88ff-61d21fcbf011','FAILURE',NULL,NULL,NULL,NULL,NULL),('440','2017-02-06 17:22:04','2886795009','98b440da-0476-4ef2-878b-061a788e32c0','SUCCESS',NULL,'Running discovery on 172.16.255.1',NULL,NULL,NULL),('441','2017-02-06 17:22:04','2886795010','7e6be127-641b-4605-8da4-89899a660609','UNKNOWN',NULL,'\'timed out while connecting to remote host\'',NULL,NULL,NULL),('442','2017-02-06 17:22:04','2886795011','33d0d60a-e8f4-497a-9397-6cd1248b864a','SUCCESS',NULL,'Running discovery on 172.16.255.3',NULL,NULL,NULL),('443','2017-02-06 17:27:25','2886795008','a6cc29c5-2020-47a5-9213-8afa28caf841','UNKNOWN',NULL,'\'timed out while connecting to remote host\'',NULL,NULL,NULL),('444','2017-02-06 17:27:25','2886795009','36fd5309-895e-4bfd-a1b2-c3a2c9aec346','SUCCESS',NULL,'Running discovery on 172.16.255.1',NULL,NULL,NULL),('445','2017-02-06 17:27:26','2886795010','0a74a6b3-ca55-4bd2-8023-c7857102de87','UNKNOWN',NULL,'\'timed out while connecting to remote host\'',NULL,NULL,NULL),('446','2017-02-06 17:27:26','2886795011','f2c1be86-8301-4763-b94a-ad0c89f57989','SUCCESS',NULL,'Running discovery on 172.16.255.3',NULL,NULL,NULL),('447','2017-02-06 17:29:06','2886795008','b375d38f-e28c-49fb-b1e2-faef8234735d','UNKNOWN',NULL,'\'timed out while connecting to remote host\'',NULL,NULL,NULL),('448','2017-02-06 17:29:06','2886795009','cde149b2-caaf-4ea0-b2b9-e9f2727ce67a','SUCCESS',NULL,'Running discovery on 172.16.255.1',NULL,NULL,NULL),('449','2017-02-06 17:29:06','2886795010','829258e6-0963-47b4-8f21-57fe35e76802','UNKNOWN',NULL,'\'timed out while connecting to remote host\'',NULL,NULL,NULL),('45','2016-12-28 16:13:51','2886795009','665f4abb-145f-4452-b023-3d4e8bda184d','SUCCESS',NULL,NULL,NULL,NULL,NULL),('450','2017-02-06 17:29:06','2886795011','b4dfa098-4903-44b6-bfb3-6dcf824008ca','SUCCESS',NULL,'Running discovery on 172.16.255.3',NULL,NULL,NULL),('451','2017-02-06 17:30:52','2886795009','db6ae0de-89aa-4d52-b491-27ecc1ad4116','SUCCESS',NULL,'Running discovery on 172.16.255.1',NULL,NULL,NULL),('452','2017-02-07 10:18:23','2886795011','e52b75e9-8850-48e2-a912-a77a7ddfd4c0','INACTIVE','026cea87-94ee-4ff4-a1c9-704ce08f574e','interfaces {\n    delete: em1.0;\n}','em1.0','15','{\"interface\": \"em1.0\"}'),('453','2017-02-07 10:20:23','2886795011','e4aaadbb-4277-4153-bc6f-0db7b48db723','SUCCESS',NULL,'Running discovery on 172.16.255.3',NULL,NULL,NULL),('454','2017-02-07 10:39:53','2886795009','ee9e9a15-7e89-426b-899c-bb7b9ab4a6cf','UNKNOWN','4f281e18-d380-4905-8adb-e2de64f67d85','interface FastEthernet1/0\n description Hello Kath\n ip address 192.0.2.1 255.255.255.0\n shut\nend\n\n--\nInvalid output from MD5 command: %Error computing MD5 hash disk0:merge_config.txt (File not found)','FastEthernet1/0','10','{\"interface\": \"FastEthernet1/0\", \"mask\": \"255.255.255.0\", \"description\": \"Hello Kath\", \"ipv4\": \"192.0.2.1\"}'),('455','2017-02-07 10:41:38','2886795011','1433fc57-3cdc-45c5-9ca6-4d05616a099b','INACTIVE','5a105c38-b2ac-4f18-b74c-f7c47cd878b3','interfaces {\n    em1 {\n        unit 0 {\n            family inet {\n                inactive: address 192.0.2.1/24;\n            }\n        }\n    }\n}\n\n--\ninterfaces {\n    em1 {\n        unit 0 {\n            family inet {\n                active: address 192.0.2.1/24;\n            }\n        }\n    }\n}\n\n--\ninterfaces {\n    em1 {\n        unit 0 {\n            family inet {\n                delete: address 192.0.2.1/24;\n            }\n        }\n    }\n}','em1.0','22','{\"interface\": \"em1\", \"ipv4\": \"192.0.2.1/24\", \"unit\": \"0\"}'),('456','2017-02-07 10:48:42','2886795009','7a64822a-f7a1-4536-a857-103b3a2dd311','SUCCESS',NULL,'Running discovery on 172.16.255.1',NULL,NULL,NULL),('457','2017-02-07 11:23:32','2886795009','68acf40a-350b-403b-866b-3863f5d8a41a','UNKNOWN','4f281e18-d380-4905-8adb-e2de64f67d85','interface FastEthernet1/0\n description Hello Kath\n ip address 192.0.2.1 255.255.255.0\n shut\nend\n\n--\nInvalid output from MD5 command: %Error computing MD5 hash disk0:merge_config.txt (File not found)','FastEthernet1/0','10','{\"interface\": \"FastEthernet1/0\", \"mask\": \"255.255.255.0\", \"description\": \"Hello Kath\", \"ipv4\": \"192.0.2.1\"}'),('458','2017-02-08 08:57:18','2886795009','6215cc6d-85f9-4b31-b642-5b6b3e9fd7f2','UNKNOWN',NULL,'\'timed out while connecting to remote host\'',NULL,NULL,NULL),('459','2017-02-08 09:01:10','2886795009','e8989066-2769-4dde-b9df-4ee6c5c55c93','SUCCESS',NULL,'Running discovery on 172.16.255.1',NULL,NULL,NULL),('46','2016-12-28 16:17:21','2886795009','ca7dbcf0-0561-4ab8-ae04-8335e2abc0b0','SUCCESS',NULL,NULL,NULL,NULL,NULL),('460','2017-02-08 11:11:05','2886795009','2b6230bf-10d7-4e47-8be1-548917af2c1a','UNKNOWN','4f281e18-d380-4905-8adb-e2de64f67d85','foo 1\n2\n\n--\nConfiguration merge failed; automatic rollback attempted',NULL,'29','{\"foo\": \"1\", \"bar\": \"2\", \"baaaar\": \"3\", \"fooooo\": \"4\"}'),('461','2017-02-08 12:14:53','2886795011','ad727e93-0714-45e4-a265-99ac40c4e7f7','UNKNOWN','4f281e18-d380-4905-8adb-e2de64f67d85','interfaces em1 {\n    unit 0 {\n        description \"test\";\n    }\n}\n\n--\nConnectError(host: 172.16.255.3, msg: Negotiation failed)','em1.0','19','{\"interface\": \"em1\", \"description\": \"test\", \"unit\": \"0\"}'),('462','2017-02-08 12:15:50','2886795011','ea2f199c-e33f-42bb-9fa1-72da99f0e392','INACTIVE','4f281e18-d380-4905-8adb-e2de64f67d85','interfaces em1 {\n    unit 0 {\n        description \"test\";\n    }\n}\n\n--\nRpcTimeoutError(host: 172.16.255.3, cmd: commit-configuration, timeout: 60)\n\n--\ninterfaces em1 {\n    unit 0 {\n        delete: description;\n    }\n}','em1.0','19','{\"interface\": \"em1\", \"description\": \"test\", \"unit\": \"0\"}'),('463','2017-02-09 10:01:42','2886795008','48d3644c-5998-4d11-860c-e28482b30ccd','UNKNOWN',NULL,'\'timed out while connecting to remote host\'',NULL,NULL,NULL),('464','2017-02-09 10:01:43','2886795009','13c1dbd1-3ae2-4c69-bac1-e214935ebf63','UNKNOWN',NULL,'\'timed out while connecting to remote host\'',NULL,NULL,NULL),('465','2017-02-09 10:01:43','2886795010','890887de-5296-4058-b283-00e12380ccb1','UNKNOWN',NULL,'\'timed out while connecting to remote host\'',NULL,NULL,NULL),('466','2017-02-09 10:01:43','2886795011','a68d10bc-c9b2-4552-881d-6aea46f80a4b','UNKNOWN',NULL,'\'timed out while connecting to remote host\'',NULL,NULL,NULL),('467','2017-02-09 10:03:40','2886795009','b2f5a485-5333-42ab-bb6b-0ecad433adcf','SUCCESS',NULL,'Running discovery on 172.16.255.1',NULL,NULL,NULL),('468','2017-02-09 10:05:16','2886795008','a2320fe9-7bad-4829-8210-9dc0011f098f','UNKNOWN',NULL,'\'timed out while connecting to remote host\'',NULL,NULL,NULL),('469','2017-02-09 10:05:16','2886795009','b8ae6531-bada-4959-a192-aebe76288ef6','SUCCESS',NULL,'Running discovery on 172.16.255.1',NULL,NULL,NULL),('47','2016-12-28 16:17:41','2886795011','058e930d-5d35-4b26-8103-9c2f03e6b7cf','SUCCESS',NULL,NULL,NULL,NULL,NULL),('470','2017-02-09 10:05:16','2886795010','46118cc3-82ca-4e7d-8a99-221fb2911b75','UNKNOWN',NULL,'\'timed out while connecting to remote host\'',NULL,NULL,NULL),('471','2017-02-09 10:05:16','2886795011','5f79ba45-6582-4e52-8e14-be4d999d2ac9','SUCCESS',NULL,'Running discovery on 172.16.255.3',NULL,NULL,NULL),('49','2016-12-28 16:19:23','2886795009','e70f2b97-9d7e-4fd2-896d-7bfd6ad10048','SUCCESS',NULL,NULL,NULL,NULL,NULL),('4f29d395-e0b8-48d8-995d-26952f15dc51','2017-02-23 22:13:14','2974633293','11bafd6d-2d0c-443b-82c3-5cb9f915f2de','UNKNOWN',NULL,'Running discovery on 177.77.77.77',NULL,NULL,NULL),('508a6bd9-85aa-4cdc-ae74-91de00cf9d4d','2017-02-27 11:37:08','2886795009','a79198c4-179b-4098-ae75-ea90c40f1d33','SUCCESS',NULL,'Running discovery on 172.16.255.1',NULL,NULL,NULL),('51','2016-12-28 16:19:23','2886795011','19c454c2-e186-4895-8f66-59972653d438','SUCCESS',NULL,NULL,NULL,NULL,NULL),('56','2016-12-28 16:23:02','2886795009','1ddb4456-a02f-4ed4-8c15-026dbda9308d','SUCCESS',NULL,NULL,NULL,NULL,NULL),('57','2016-12-28 16:25:57','2886795009','643309e7-2557-4044-882d-0b969ac9b78b','SUCCESS',NULL,NULL,NULL,NULL,NULL),('59','2016-12-28 16:48:28','2886795009','ea56be76-f433-4238-9199-802235649d75','SUCCESS',NULL,NULL,NULL,NULL,NULL),('5a70adc6-4f9e-4d5d-be6e-7ac4a917ca43','2017-02-14 13:55:03','2886795011','9f048628-7b23-42b4-994f-cc8a92c07ddb','UNKNOWN','5a105c38-b2ac-4f18-b74c-f7c47cd878b3','interfaces {\n        em1 {\n            unit 0 {\n                description \"trying without keyfile\";\n            }\n        }\n}\n\n--\nConnectAuthError(172.16.255.3)','em1.0','14','{\"interface\": \"em1\", \"description\": \"trying without keyfile\"}'),('61','2016-12-28 16:48:28','2886795011','6cc64bd2-bef5-4923-8f92-8d8cc515e47a','SUCCESS',NULL,NULL,NULL,NULL,NULL),('62','2016-12-28 17:07:02','2886795009','36965336-ae5c-4ed1-9e3e-31d7a328d8ba','FAILURE',NULL,NULL,NULL,NULL,NULL),('63','2016-12-28 17:07:33','2886795009','38278b7b-6940-409b-babe-866ce46a72d3','SUCCESS',NULL,NULL,NULL,NULL,NULL),('63653411-c2a7-4fe4-84cc-91672f3d00c4','2017-02-11 09:09:15','2886795011','f177fee3-7f1d-4605-b910-344acefaa6e2','INACTIVE','76fe27fc-598c-47d9-b70b-79e8e355cee3','interfaces {\n    em1.0 {\n        description \"didn\'t specify unit\";\n    }\n}\n\n--\nerror: invalid interface type in \'interface\'\nerror: error recovery ignores input until this point\nwarning: mgd: statement has no contents; ignored\n\n--\ninterfaces {\n    em1.0 {\n        delete: description \"didn\'t specify unit\";\n    }\n}','em1.0','2e223a86-e749-4e5b-aa7d-11151fbd923a','{\"interface\": \"em1.0\", \"description\": \"didn\'t specify unit\"}'),('64','2016-12-30 10:53:04','2886795009','17da0068-bfb1-46f6-8b06-2fdf8cdb56c0','SUCCESS',NULL,NULL,NULL,NULL,NULL),('65','2016-12-30 10:54:13','2886795009','03b2f2f8-5209-46ed-8d07-59bb78fa8c27','SUCCESS',NULL,NULL,NULL,NULL,NULL),('66','2016-12-30 10:55:00','2886795009','016b0dde-72e5-4077-9516-58a6c137349d','UNKNOWN',NULL,NULL,NULL,NULL,NULL),('67','2017-01-03 17:16:42','2886795009','a203b4c3-de75-469f-914c-170852b424f2','FAILURE',NULL,NULL,NULL,NULL,NULL),('68','2017-01-03 17:20:27','2886795011','996c1509-7084-4343-afa3-c57c892c107e','SUCCESS',NULL,NULL,NULL,NULL,NULL),('6829cb21-0002-444b-86ca-75084fc33440','2017-02-13 08:00:09','2886795009','a8f19771-fccd-482c-ae7f-abd56d9563d5','ACTIVE','d572a8a6-ded6-4678-b9fb-505fff33e8f3','interface FastEthernet0/0\n description fa 0/0 on the first router\n ip address 172.16.0.2 255.255.255.0\nend','FastEthernet0/0','27426bd4-d82a-4680-b002-b8b4d857bdd5','{\"interface\": \"FastEthernet0/0\", \"mask\": \"255.255.255.0\", \"description\": \"fa 0/0 on the first router\", \"ipv4\": \"172.16.0.2\"}'),('69','2017-01-03 18:08:06','2886795009','a61d6389-601b-415d-bea8-325f37857b22','FAILURE',NULL,NULL,NULL,NULL,NULL),('6f1b9d6a-5bfa-4101-a1e3-d6c8acc8f563','2017-02-14 14:04:44','2886795011','ec6bd19a-c214-40fd-b7f0-0122fa26a272','UNKNOWN','5a105c38-b2ac-4f18-b74c-f7c47cd878b3','interfaces {\n        em1 {\n            unit 0 {\n                description \"trying with key file\";\n            }\n        }\n}\n\n--\nConnectAuthError(172.16.255.3)','em1.0','14','{\"interface\": \"em1\", \"description\": \"trying with key file\"}'),('70','2017-01-03 18:10:15','2886795009','b1a790eb-594d-4dbe-8316-6958126229f2','SUCCESS',NULL,NULL,NULL,NULL,NULL),('71','2017-01-03 18:10:47','2886795011','60c47191-8745-4115-841d-65f55e15a118','SUCCESS',NULL,NULL,NULL,NULL,NULL),('72','2017-01-03 18:14:39','2886795011','a3c79e72-3338-4f2a-805e-db1f1dc599e4','UNKNOWN',NULL,NULL,NULL,NULL,NULL),('73','2017-01-05 11:45:22','2886795009','f0ea0286-6ff5-414d-ab09-8d51278902df','FAILURE',NULL,NULL,NULL,NULL,NULL),('74','2017-01-05 11:49:00','2886795011','36b40142-2d64-4f65-8401-dec8d5b891b4','SUCCESS',NULL,NULL,NULL,NULL,NULL),('75','2017-01-07 13:26:34','2886795009','8ae93b13-68d1-423a-b63e-0ffb01306839','FAILURE',NULL,NULL,NULL,NULL,NULL),('76','2017-01-07 13:27:45','2886795009','e8865c4b-963c-4f09-8b26-63ba98184efc','SUCCESS',NULL,NULL,NULL,NULL,NULL),('77200049-6005-4099-a634-0f779defc195','2017-02-10 16:32:36','2886795009','d882e117-1c9f-455b-a1de-f5866b3ab555','SUCCESS',NULL,'Running discovery on 172.16.255.1',NULL,NULL,NULL),('77426e44-6793-474a-a6e4-e74b0bc786f8','2017-02-10 16:32:36','2886795011','cd2f24a0-a843-40b9-9646-8e5afa1d279e','SUCCESS',NULL,'Running discovery on 172.16.255.3',NULL,NULL,NULL),('7952d12f-5e2b-4256-afab-b0ff54c51af1','2017-02-10 14:55:35','2886795009','33e8b10c-9e7d-4399-aaa3-e3a6cd2188ee','INACTIVE','76fe27fc-598c-47d9-b70b-79e8e355cee3','interface FastEthernet1/0\n  description t\n\n--\ninterface FastEthernet1/0\n  no description','FastEthernet1/0','31','{\"interface\": \"FastEthernet1/0\", \"description\": \"t\"}'),('80','2017-01-07 13:59:52','2886795009','7e512515-bfd7-4982-b9d7-03f1bd388933','FAILURE',NULL,NULL,NULL,NULL,NULL),('81','2017-01-07 14:01:16','2886795009','2d879013-6af3-4d77-a000-3a156e131656','FAILURE',NULL,NULL,NULL,NULL,NULL),('814948c9-bc17-448f-9fc2-c17e731a9ed9','2017-02-27 15:43:07','2886795009','90831dea-f62c-4243-b303-3c6a9b03e2d0','SUCCESS',NULL,'Running discovery on 172.16.255.1',NULL,NULL,NULL),('82','2017-01-07 14:01:29','2886795009','e4488147-665c-4510-b673-d55f243e925e','FAILURE',NULL,NULL,NULL,NULL,NULL),('825e61ff-a210-4df2-bcbe-b9924e7b1a4b','2017-02-11 08:55:56','2886795011','b87e50d7-68dc-4409-bc0f-c8e8e45cc976','SUCCESS',NULL,'Running discovery on 172.16.255.3',NULL,NULL,NULL),('83','2017-01-07 14:12:24','2886795009','fdc10098-b533-4811-8a65-022fe12711b4','FAILURE',NULL,NULL,NULL,NULL,NULL),('84','2017-01-07 14:12:56','2886795009','7e8a2409-8bb3-48f6-a4d7-73dde46951da','SUCCESS',NULL,NULL,NULL,NULL,NULL),('85','2017-01-07 14:16:29','2886795011','433feb44-569c-488a-925d-0a3e7295653f','FAILURE',NULL,NULL,NULL,NULL,NULL),('86','2017-01-07 14:22:31','2886795011','f9f542f8-940f-4ef8-8da7-74e638c5f402','FAILURE',NULL,NULL,NULL,NULL,NULL),('87','2017-01-07 14:32:03','2886795011','512d33b7-e958-4ec7-a893-cbb79b15d71a','SUCCESS',NULL,NULL,NULL,NULL,NULL),('88','2017-01-07 14:34:54','2886795011','78522844-69ad-45d2-8f95-8c6988e4c683','SUCCESS',NULL,NULL,NULL,NULL,NULL),('89','2017-01-07 14:36:13','2886795011','fec53f76-dea7-49e2-ac0a-bb8bc089c247','UNKNOWN',NULL,NULL,NULL,NULL,NULL),('93','2017-01-09 17:06:31','2886795011','10e5883d-965d-4c49-84a3-dfeafb193b36','SUCCESS',NULL,NULL,NULL,NULL,NULL),('94','2017-01-09 17:11:23','2886795011','cc5d4f52-208a-42be-b54a-86bcd4c594e2','SUCCESS','4f281e18-d380-4905-8adb-e2de64f67d85',NULL,NULL,NULL,NULL),('95','2017-01-09 18:02:34','2886795009','4cc31853-8b33-4b4d-97a4-0915f9f24890','SUCCESS',NULL,NULL,NULL,NULL,NULL),('96','2017-01-09 18:06:59','2886795009','cd9f021c-dd10-4a25-a260-801cb2b18aea','SUCCESS',NULL,NULL,NULL,NULL,NULL),('97','2017-01-09 18:07:37','2886795011','70a23cea-2db9-45f4-a422-51d6760d76d5','SUCCESS','5a105c38-b2ac-4f18-b74c-f7c47cd878b3',NULL,NULL,NULL,NULL),('98','2017-01-09 18:08:24','2886795011','baf58a40-3093-44bb-b56b-d222c8ccfe23','SUCCESS','5a105c38-b2ac-4f18-b74c-f7c47cd878b3',NULL,NULL,NULL,NULL),('99','2017-01-09 18:10:29','2886795011','86b73151-3447-48b7-a267-fdb2bf4abb57','SUCCESS','5a105c38-b2ac-4f18-b74c-f7c47cd878b3',NULL,NULL,NULL,NULL),('9a6b17bd-d643-4c1f-af14-6f56c022b316','2017-02-23 22:19:28','16843009','f17e1b6e-9156-4da2-b6d1-7c34989e823c','UNKNOWN',NULL,'Running discovery on 1.1.1.1',NULL,NULL,NULL),('9a9c349f-a146-43d2-862a-d6e7edb7e368','2017-02-13 08:03:54','2886795011','bdbbccaa-b2fa-4d31-89bd-7c7ee822ca30','ACTIVE','d572a8a6-ded6-4678-b9fb-505fff33e8f3','interfaces {\n    em0 {\n        unit 0 {\n            family inet {\n                inactive: address 172.16.2.2/24;\n            }\n        }\n    }\n}\n\n--\nRpcTimeoutError(host: 172.16.255.3, cmd: commit-configuration, timeout: 60)\n\n--\n\n\n--\nLockError(severity: error, bad_element: None, message: configuration database locked by:\n  dave terminal  (pid 11646) on since 2017-02-06 09:59:01 UTC\n      exclusive)\n\n--\ninterfaces {\n    em0 {\n        unit 0 {\n            family inet {\n                active: address 172.16.2.2/24;\n            }\n        }\n    }\n}\n\n--\ninterfaces {\n    em0 {\n        unit 0 {\n            family inet {\n                active: address 172.16.2.2/24;\n            }\n        }\n    }\n}','em0.0','22','{\"interface\": \"em0\", \"ipv4\": \"172.16.2.2/24\", \"unit\": \"0\"}'),('9b46b039-0e4c-4590-ab0d-64f97e2b2e88','2017-02-14 14:15:03','2886795011','14627d85-0116-4600-b9e8-5a50aac39e2f','UNKNOWN','5a105c38-b2ac-4f18-b74c-f7c47cd878b3','interfaces {\n        em1 {\n            unit 0 {\n                description \"trying with key file\";\n            }\n        }\n}\n\n--\nConnectAuthError(172.16.255.3)','em1.0','14','{\"interface\": \"em1\", \"description\": \"trying with key file\"}'),('9f3832e9-dc47-4916-98ee-3970ad1af82b','2017-02-11 09:06:10','2886795011','1ee28118-0113-47ec-a0a2-98f4f2241afb','UNKNOWN','76fe27fc-598c-47d9-b70b-79e8e355cee3','interfaces {\n    em1.0 {\n        description \"didn\'t specify unit\";\n    }\n}\n\n--\nLockError(severity: error, bad_element: None, message: configuration database modified)','em1.0','2e223a86-e749-4e5b-aa7d-11151fbd923a','{\"interface\": \"em1.0\", \"description\": \"didn\'t specify unit\"}'),('a7f5628c-8058-4221-97aa-9fb1b8cb39fc','2017-02-11 08:20:47','2886795009','8246dce0-d4a7-4cd1-93d2-59ef0117f000','INACTIVE','76fe27fc-598c-47d9-b70b-79e8e355cee3','interface FastEthernet1/0\n description no more devices\n ip address 192.0.2.1 255.255.255.0\n shut\nend\n\n--\ninterface FastEthernet1/0\n no shut\nend\n\n--\ninterface FastEthernet1/0\n no shut\nend\n\n--\ndefault interface FastEthernet1/0','FastEthernet1/0','10','{\"interface\": \"FastEthernet1/0\", \"mask\": \"255.255.255.0\", \"description\": \"no more devices\", \"ipv4\": \"192.0.2.1\"}'),('b9533464-db5c-4a4b-b0c3-66017c904da6','2017-02-11 08:49:24','2886795011','11efe4cf-ac00-42a7-b10f-16dc89b2855d','UNKNOWN','4f281e18-d380-4905-8adb-e2de64f67d85','interfaces {\n    em1.0 {\n        description \"no more devices;\";\n}\n\n--\nerror: syntax error','em1.0','2e223a86-e749-4e5b-aa7d-11151fbd923a','{\"interface\": \"em1.0\", \"description\": \"no more devices;\"}'),('beb5365c-603f-423c-ba51-f0af9359b9c5','2017-02-14 11:07:32','2886795009','65584a5c-9e03-484d-b5b6-e93609149f5b','UNKNOWN','5a105c38-b2ac-4f18-b74c-f7c47cd878b3','interface FastEthernet1/0\n  description new user\n\n--\nAuthentication failure: unable to connect cisco_ios 172.16.255.1:22\nAuthentication failed.','FastEthernet1/0','31','{\"interface\": \"FastEthernet1/0\", \"description\": \"new user\"}'),('c37f96b8-afcd-4792-ab7c-c2fcbfc6a7e2','2017-02-14 13:07:33','2886795009','3f248f5d-e124-4b7d-aa64-f68fd24d2474','SUCCESS','5a105c38-b2ac-4f18-b74c-f7c47cd878b3','interface FastEthernet1/0\n  description celery daemon','FastEthernet1/0','31','{\"interface\": \"FastEthernet1/0\", \"description\": \"celery daemon\"}'),('c4261d5c-cc5f-44b7-b6f3-c66233f6c5db','2017-02-11 09:08:50','2886795011','37d8fae6-5e70-4ee8-8ddd-6377525dff2c','UNKNOWN','76fe27fc-598c-47d9-b70b-79e8e355cee3','interfaces {\n    em1.0 {\n        description \"didn\'t specify unit\";\n    }\n}\n\n--\nLockError(severity: error, bad_element: None, message: configuration database modified)','em1.0','2e223a86-e749-4e5b-aa7d-11151fbd923a','{\"interface\": \"em1.0\", \"description\": \"didn\'t specify unit\"}'),('dd2419d7-56a3-4ce1-8b6c-c966b4de7411','2017-02-10 17:01:33','2886795011','973da66a-a9d9-49ff-b010-dff0f2a78390','SUCCESS',NULL,'Running discovery on 172.16.255.3',NULL,NULL,NULL),('e67aba0a-dda5-4700-9f7b-addee4d3a802','2017-02-10 17:00:07','3232235523','0b88e429-3c81-4ccd-892c-fe99370da989','FAILURE',NULL,'Running discovery on 192.168.0.3',NULL,NULL,NULL),('eb574b8b-ce24-4ce7-a576-269d9677c81e','2017-02-14 14:01:18','2886795011','8ef044ca-f90c-4f46-93f5-9ac1f9ea66df','FAILURE','5a105c38-b2ac-4f18-b74c-f7c47cd878b3','interfaces {\n        em1 {\n            unit 0 {\n                description \"trying with key file\";\n            }\n        }\n}','em1.0','14','{\"interface\": \"em1\", \"description\": \"trying with key file\"}'),('f0af6c70-427f-4656-b38a-c5c6f574f271','2017-02-14 13:58:04','2886795011','45c21a41-61c8-49ed-9e49-1ab0974ffdf1','UNKNOWN','5a105c38-b2ac-4f18-b74c-f7c47cd878b3','interfaces {\n        em1 {\n            unit 0 {\n                description \"trying with key file\";\n            }\n        }\n}\n\n--\nConnectAuthError(172.16.255.3)','em1.0','14','{\"interface\": \"em1\", \"description\": \"trying with key file\"}'),('f22ab030-23c1-422a-b82a-fa3ed6012f43','2017-02-14 13:10:48','2886795009','02488245-1bfd-4c40-bd05-4a7a42ca089b','UNKNOWN','5a105c38-b2ac-4f18-b74c-f7c47cd878b3','interface FastEthernet1/0\n  description celery daemon\n\n--\nAuthentication failure: unable to connect cisco_ios 172.16.255.1:22\nAuthentication failed.','FastEthernet1/0','31','{\"interface\": \"FastEthernet1/0\", \"description\": \"celery daemon\"}'),('fc537c74-deaa-4a34-b1c6-b6ff21225f1d','2017-02-27 15:44:42','19','63777e56-b093-405d-9794-d3a5d7900a64','FAILURE',NULL,'Running discovery on 0.0.0.19',NULL,NULL,NULL);
/*!40000 ALTER TABLE `service_requests` ENABLE KEYS */;
UNLOCK TABLES;
/*!50003 SET @saved_cs_client      = @@character_set_client */ ;
/*!50003 SET @saved_cs_results     = @@character_set_results */ ;
/*!50003 SET @saved_col_connection = @@collation_connection */ ;
/*!50003 SET character_set_client  = utf8 */ ;
/*!50003 SET character_set_results = utf8 */ ;
/*!50003 SET collation_connection  = utf8_general_ci */ ;
/*!50003 SET @saved_sql_mode       = @@sql_mode */ ;
/*!50003 SET sql_mode              = 'NO_AUTO_VALUE_ON_ZERO' */ ;
DELIMITER ;;
/*!50003 CREATE*/ /*!50017 DEFINER=`cortex`@`localhost`*/ /*!50003 TRIGGER service_requests_OnInsert BEFORE INSERT ON `service_requests`
    FOR EACH ROW SET NEW.creation_date = IFNULL(NEW.creation_date, NOW()) */;;
DELIMITER ;
/*!50003 SET sql_mode              = @saved_sql_mode */ ;
/*!50003 SET character_set_client  = @saved_cs_client */ ;
/*!50003 SET character_set_results = @saved_cs_results */ ;
/*!50003 SET collation_connection  = @saved_col_connection */ ;

--
-- Table structure for table `services`
--

DROP TABLE IF EXISTS `services`;
/*!40101 SET @saved_cs_client     = @@character_set_client */;
/*!40101 SET character_set_client = utf8 */;
CREATE TABLE `services` (
  `id` varchar(36) COLLATE utf8mb4_unicode_ci NOT NULL DEFAULT '',
  `name` varchar(100) COLLATE utf8mb4_unicode_ci NOT NULL,
  `interface_group` varchar(100) COLLATE utf8mb4_unicode_ci DEFAULT NULL,
  `user_role` varchar(100) COLLATE utf8mb4_unicode_ci DEFAULT NULL,
  `config_snippet` text COLLATE utf8mb4_unicode_ci NOT NULL,
  `fields` varchar(100) COLLATE utf8mb4_unicode_ci DEFAULT NULL,
  `activate_snippet` text COLLATE utf8mb4_unicode_ci,
  `deactivate_snippet` text COLLATE utf8mb4_unicode_ci,
  PRIMARY KEY (`id`),
  UNIQUE KEY `name` (`name`)
) ENGINE=InnoDB DEFAULT CHARSET=utf8mb4 COLLATE=utf8mb4_unicode_ci;
/*!40101 SET character_set_client = @saved_cs_client */;

--
-- Dumping data for table `services`
--

LOCK TABLES `services` WRITE;
/*!40000 ALTER TABLE `services` DISABLE KEYS */;
INSERT INTO `services` VALUES ('10','Cisco int dessc and ip','16','customer implementation team','interface {{ interface }}\r\n description {{description }}\r\n ip address {{ ipv4 }} {{ mask }}\r\n shut\r\nend\r\n','interface,mask,description,ipv4','interface {{ interface }}\r\n no shut\r\nend\r\n','default interface {{ interface }}'),('14','Junos interface desc on unit 0','16','whateva','interfaces {\n        {{ interface }} {\n            unit 0 {\n                description \"{{ description }}\";\n            }\n        }\n}','interface,description','','interfaces {\n        {{ interface }} {\n            unit 0 {\n                delete: description;\n            }\n        }\n}'),('15','junos delete interface','16','www','interfaces {\r\n    delete: {{ interface }};\r\n}','interface','',''),('16','remove cisco interface','16','core','default interface {{ interface }}','interface',NULL,NULL),('18','add tacacs','18','network engineer','tacacs-server host {{ host }}','host','None','no tacacs-server host {{ host }}'),('19','junos description on unit','16','aa','interfaces {{ interface }} {\r\n    unit {{ unit }} {\r\n        description \"{{description}}\";\r\n    }\r\n}','interface,description,unit',NULL,'interfaces {{ interface }} {\r\n    unit {{ unit }} {\r\n        delete: description;\r\n    }\r\n}'),('22','Junos infrastructure','19','core','interfaces {\r\n    {{ interface }} {\r\n        unit {{ unit }} {\r\n            family inet {\r\n                inactive: address {{ ipv4 }};\r\n            }\r\n        }\r\n    }\r\n}','interface,ipv4,unit','interfaces {\r\n    {{ interface }} {\r\n        unit {{ unit }} {\r\n            family inet {\r\n                active: address {{ ipv4 }};\r\n            }\r\n        }\r\n    }\r\n}','interfaces {\r\n    {{ interface }} {\r\n        unit {{ unit }} {\r\n            family inet {\r\n                delete: address {{ ipv4 }};\r\n            }\r\n        }\r\n    }\r\n}'),('23','this will fail','15','super','foobar',NULL,'',''),('25','new junos interface','15','12','interfaces {\r\n    {{ new_interface }} {\r\n        inactive: unit {{ unit }};\r\n    }  \r\n}','new_interface,unit','interfaces {\r\n    {{ new_interface }} {\r\n        active: unit {{ unit }};\r\n    }  \r\n}','interfaces {\r\n    delete: {{ new_interface }};\r\n}'),('27426bd4-d82a-4680-b002-b8b4d857bdd5','Cisco infrastructure','19','core','interface {{ interface }}\r\n description {{description }}\r\n ip address {{ ipv4 }} {{ mask }}\r\nend','interface,mask,description,ipv4',NULL,'default interface {{ interface }}\r\ninterface {{ interface }}\r\n  shut\r\nend'),('2e223a86-e749-4e5b-aa7d-11151fbd923a','junos description on interface','16','admin','interfaces {\r\n    {{ interface }} {\r\n        description \"{{ description }}\";\r\n    }\r\n}','interface,description',NULL,'interfaces {\r\n    {{ interface }} {\r\n        delete: description \"{{ description }}\";\r\n    }\r\n}'),('31','Cisco interface description','16','admin','interface {{ interface }}\r\n  description {{description}}','interface,description',NULL,'interface {{ interface }}\r\n  no description'),('c171b7c0-a824-4446-bc2c-2af37c2a0af3','testing','d561f341-9d9d-4175-9592-2cf216af802a','2e223a86-e749-4e5b-aa7d-11151fbd923a','{{ got_some }} {{ vars }} hehe','got_some,vars','','');
/*!40000 ALTER TABLE `services` ENABLE KEYS */;
UNLOCK TABLES;

--
-- Table structure for table `supernets`
--

DROP TABLE IF EXISTS `supernets`;
/*!40101 SET @saved_cs_client     = @@character_set_client */;
/*!40101 SET character_set_client = utf8 */;
CREATE TABLE `supernets` (
  `id` varchar(36) CHARACTER SET utf8mb4 COLLATE utf8mb4_unicode_ci NOT NULL DEFAULT '',
  `network` bigint(32) NOT NULL,
  `prefix` tinyint(4) NOT NULL,
  PRIMARY KEY (`id`),
  UNIQUE KEY `network` (`network`,`prefix`)
) ENGINE=InnoDB DEFAULT CHARSET=utf8mb4;
/*!40101 SET character_set_client = @saved_cs_client */;

--
-- Dumping data for table `supernets`
--

LOCK TABLES `supernets` WRITE;
/*!40000 ALTER TABLE `supernets` DISABLE KEYS */;
INSERT INTO `supernets` VALUES ('85',16777473,32),('',699727872,23),('79',2147483652,32),('92',3288793088,20);
/*!40000 ALTER TABLE `supernets` ENABLE KEYS */;
UNLOCK TABLES;

-- Dump completed on 2017-03-06 18:11:50
